Year,District,Winning Party,Voter Turnout (%),Votes Blue,Votes Red,Total_Population,Total_Pop_Citizenship,US_Born_Citizen,US_Territory_Born_Citizen,US_Born_Abroad_Citizen,Naturalized_Citizen,Non_Citizen,Total_Pop_Birth,Native_Born,Foreign_Born,Total_Foreign_Born,Entered_2010_Later,Entered_2000_2009,Entered_Before_2000,Pop_5Years_Over,English_Only,Spanish_Speaker,Indo_European_Lang,Asian_Pacific_Lang,Other_Languages,White_Alone,Black_Alone,Native_American_Alone,Asian_Alone,Pacific_Islander_Alone,Other_Race_Alone,Two_Or_More_Races,Hispanic_Latino,Total_Male,Male_Under_5,Male_5_9,Male_10_14,Male_15_17,Male_18_19,Male_20,Male_21,Male_22_24,Male_25_29,Male_30_34,Male_35_39,Male_40_44,Male_45_49,Male_50_54,Male_55_59,Male_60_61,Male_62_64,Male_65_66,Male_67_69,Male_70_74,Male_75_79,Male_80_84,Male_85_Over,Total_Female,Female_Under_5,Female_5_9,Female_10_14,Female_15_17,Female_18_19,Female_20,Female_21,Female_22_24,Female_25_29,Female_30_34,Female_35_39,Female_40_44,Female_45_49,Female_50_54,Female_55_59,Female_60_61,Female_62_64,Female_65_66,Female_67_69,Female_70_74,Female_75_79,Female_80_84,Female_85_Over,Median_Household_Income,Total_Households_Income,Income_Less_10000,Income_10000_14999,Income_15000_19999,Income_20000_24999,Income_25000_29999,Income_30000_34999,Income_35000_39999,Income_40000_44999,Income_45000_49999,Income_50000_59999,Income_60000_74999,Income_75000_99999,Income_100000_124999,Income_125000_149999,Income_150000_199999,Income_200000_Plus,Total_Pop_Poverty,Below_Poverty_Level,Pop_25_Over,No_Schooling,Nursery_School,Kindergarten,Grade_1,Grade_2,Grade_3,Grade_4,Grade_5,Grade_6,Grade_7,Grade_8,Grade_9,Grade_10,Grade_11,Grade_12_No_Diploma,High_School_Diploma,GED,Some_College_Less_1yr,Some_College_1yr_Plus,Associates_Degree,Bachelors_Degree,Masters_Degree,Professional_Degree,Doctorate_Degree,Total_Households,Family_Households,Married_Couple_Family,Other_Family,Nonfamily_Households,Living_Alone,Not_Living_Alone,In_Labor_Force,Civilian_Labor_Force,Employed,Unemployed,Total_Housing_Units,Owner_Occupied,Renter_Occupied,Workers_16_Over,Commute_Car,Commute_Public_Transit,Commute_Bicycle,Commute_Walk,Work_From_Home,Total_Households_Internet,Has_Internet,No_Internet,Dist_clean
2016,1,D,,234037,81817,691474,691474.0,635267.0,1367.0,2930.0,26729.0,25181.0,691474.0,639564.0,51910,56207.0,8531.0,13053.0,6181.0,,,,,,,292771,345746,806.0,12254,127.0,26617.0,13153.0,72236,322348,18517.0,20355.0,23460.0,13480.0,9800.0,4408.0,5067.0,12750.0,24108.0,21218.0,17591.0,20537.0,19506.0,24719.0,24509.0,8540.0,12675.0,5602.0,7772.0,11356.0,7848.0,5037.0,3493.0,369126,18944.0,17686.0,24342.0,13480.0,10624.0,5358.0,5996.0,14724.0,25018.0,22623.0,20330.0,21470.0,24603.0,27484.0,27065.0,10437.0,12299.0,8305.0,10855.0,17045.0,11410.0,8856.0,10172.0,50523,265181.0,30999.0,14691.0,15579.0,13542.0,12135.0,13833.0,12350.0,9696.0,8648.0,15637.0,26033.0,30224.0,23663.0,13773.0,13293.0,11085.0,680474.0,118476,472483.0,5159.0,0.0,0.0,42.0,524.0,699.0,875.0,1044.0,2816.0,1588.0,7482.0,4471.0,8021.0,10533.0,9694.0,110925.0,14504.0,27566.0,90365.0,39527.0,81301.0,39376.0,8937.0,7034.0,265181.0,159249.0,95153.0,64096.0,12147.0,51949.0,105932.0,346903,346903.0,312478.0,34425,265181.0,158549,106632.0,305183.0,228910.0,51961,1545.0,7453.0,12014.0,265181.0,206705.0,50885.0,1
2016,10,D,,150435,135535,710610,710610.0,527761.0,2292.0,6246.0,84537.0,89774.0,710610.0,536299.0,174311,182849.0,28650.0,45850.0,24048.0,664549.0,427168.0,124452.0,2247.0,462.0,1241.0,505898,48352,1274.0,80123,310.0,56158.0,18495.0,159809,351902,23080.0,22837.0,25739.0,15352.0,11016.0,5642.0,4718.0,15958.0,22652.0,23569.0,22456.0,24283.0,23950.0,23771.0,21587.0,9601.0,11497.0,7130.0,9326.0,11253.0,7561.0,3956.0,4968.0,358708,22981.0,22331.0,24353.0,17187.0,8769.0,4196.0,4199.0,14280.0,17186.0,22346.0,20569.0,25944.0,25154.0,24731.0,26012.0,10750.0,11533.0,6987.0,11402.0,11474.0,8299.0,7686.0,10339.0,74971,251252.0,11746.0,7660.0,8431.0,10527.0,7790.0,10431.0,9486.0,10022.0,8103.0,17742.0,23731.0,31065.0,24065.0,15533.0,21964.0,32956.0,691674.0,62028,467972.0,6307.0,143.0,243.0,90.0,503.0,1210.0,1479.0,2046.0,7630.0,1677.0,5833.0,5175.0,5159.0,5615.0,6647.0,89920.0,10274.0,25722.0,57023.0,29108.0,117347.0,63883.0,17155.0,7783.0,251252.0,177378.0,140375.0,37003.0,9966.0,27037.0,73874.0,383566,373464.0,353897.0,19567,251252.0,174621,76631.0,358154.0,304752.0,16244,1307.0,10063.0,22998.0,251252.0,219223.0,26699.0,10
2016,11,D,,166578,108995,730480,730480.0,587857.0,3856.0,4398.0,60977.0,73392.0,730480.0,596111.0,134369,142623.0,19655.0,39681.0,20521.0,682230.0,465218.0,145573.0,1230.0,99.0,1184.0,478688,77608,2646.0,62504,171.0,84802.0,24061.0,196939,357773,24793.0,23942.0,28158.0,17669.0,9288.0,4633.0,5329.0,16559.0,22536.0,23024.0,25861.0,26596.0,25964.0,25905.0,19781.0,9262.0,10094.0,5715.0,7849.0,10092.0,6484.0,4511.0,3728.0,372707,23457.0,26872.0,27010.0,15149.0,10649.0,5901.0,3789.0,15659.0,22986.0,24528.0,26589.0,28102.0,27575.0,23682.0,22604.0,6938.0,13349.0,6114.0,8976.0,12410.0,8216.0,5845.0,6307.0,72198,251942.0,10514.0,7526.0,9158.0,9328.0,8749.0,9993.0,10132.0,10675.0,11037.0,16850.0,26014.0,35969.0,29624.0,16674.0,22146.0,17553.0,723223.0,66557,471623.0,7714.0,137.0,31.0,286.0,750.0,2815.0,1465.0,2219.0,10521.0,1545.0,6617.0,4660.0,5123.0,6070.0,8896.0,91910.0,15253.0,30571.0,67860.0,37336.0,106110.0,50142.0,8379.0,5213.0,251942.0,178255.0,132156.0,46099.0,11828.0,34271.0,73687.0,391241,391026.0,371550.0,19476,251942.0,179600,72342.0,362481.0,320557.0,15108,639.0,3914.0,18765.0,251942.0,223113.0,24388.0,11
2016,12,R,,124246,169976,693736,693736.0,669296.0,686.0,4446.0,9452.0,9856.0,693736.0,674428.0,19308,24440.0,5746.0,5430.0,1542.0,,,,,,,541201,117759,1092.0,10412,200.0,6030.0,17042.0,23528,343254,22740.0,22737.0,21001.0,14020.0,8692.0,4699.0,4014.0,14406.0,23352.0,23054.0,22419.0,20789.0,23303.0,22429.0,23787.0,9076.0,13625.0,7274.0,10306.0,12765.0,7812.0,5426.0,5528.0,350482,19810.0,19635.0,21842.0,14217.0,7511.0,4466.0,4490.0,12321.0,22721.0,23224.0,20286.0,20153.0,21683.0,24915.0,24512.0,10531.0,13779.0,8265.0,10878.0,15796.0,9793.0,8786.0,10868.0,47430,277601.0,24141.0,16420.0,16876.0,17368.0,13572.0,15858.0,15519.0,12902.0,12428.0,20066.0,26708.0,31003.0,23537.0,13714.0,10330.0,7159.0,669553.0,109942,477135.0,2497.0,10.0,25.0,82.0,65.0,286.0,397.0,325.0,1078.0,1126.0,6437.0,6475.0,9571.0,12489.0,6154.0,118334.0,28481.0,39323.0,80219.0,49475.0,68519.0,34829.0,6435.0,4503.0,277601.0,174842.0,120716.0,54126.0,14263.0,39863.0,102759.0,329972,325670.0,303395.0,22275,277601.0,184914,92687.0,302014.0,273429.0,6240,1121.0,6654.0,11032.0,277601.0,210533.0,56262.0,12
2016,13,R,,126811,187583,704699,704699.0,665226.0,267.0,3780.0,11900.0,23526.0,704699.0,669273.0,35426,39473.0,16503.0,8597.0,2110.0,,,,,,,573421,77940,1376.0,27069,370.0,3212.0,21311.0,23987,348787,19375.0,20403.0,19243.0,11872.0,15501.0,8672.0,7513.0,21847.0,25577.0,22153.0,20840.0,19798.0,20766.0,22834.0,22471.0,10208.0,12610.0,6782.0,9136.0,11812.0,8933.0,5514.0,4927.0,355912,18184.0,18849.0,18070.0,11669.0,16356.0,9169.0,7821.0,17867.0,24955.0,21649.0,19525.0,18921.0,20452.0,21777.0,23761.0,9455.0,14661.0,8426.0,10150.0,13927.0,9841.0,8294.0,12133.0,49758,283971.0,26692.0,14822.0,14456.0,16561.0,15033.0,15082.0,13796.0,15000.0,11011.0,22910.0,26888.0,34051.0,22196.0,13235.0,11764.0,10474.0,665081.0,112585,462288.0,2793.0,0.0,30.0,15.0,28.0,48.0,194.0,150.0,232.0,604.0,5590.0,4201.0,7646.0,8156.0,5525.0,118064.0,20511.0,38454.0,68197.0,42057.0,81266.0,38825.0,9208.0,10494.0,283971.0,165804.0,120954.0,44850.0,13049.0,31801.0,118167.0,358101,357617.0,337195.0,20422,283971.0,183057,100914.0,332721.0,285761.0,11009,3859.0,14098.0,13843.0,283971.0,229017.0,42263.0,13
2016,14,R,,137589,200508,736397,736397.0,655719.0,983.0,5594.0,44586.0,29515.0,736397.0,662296.0,74101,80678.0,8376.0,22635.0,7938.0,,,,,,,636375,25846,1422.0,33119,414.0,23337.0,15884.0,93109,368410,22194.0,27298.0,33974.0,19451.0,10788.0,5595.0,4349.0,13021.0,17402.0,21472.0,21306.0,25346.0,29339.0,27602.0,27304.0,7550.0,13580.0,7300.0,7846.0,12246.0,5429.0,4004.0,4014.0,367987,19443.0,25733.0,28103.0,16889.0,7896.0,4749.0,5264.0,11607.0,16868.0,20976.0,23687.0,28225.0,28622.0,29448.0,24656.0,10388.0,13470.0,7781.0,9547.0,12894.0,10404.0,4588.0,6749.0,90345,250357.0,10876.0,5390.0,6356.0,6542.0,7059.0,6536.0,7156.0,8835.0,6598.0,15873.0,21552.0,38209.0,28731.0,21162.0,30182.0,29300.0,731392.0,48781,480043.0,2464.0,0.0,18.0,170.0,207.0,249.0,365.0,1856.0,3678.0,798.0,3737.0,3414.0,4882.0,3930.0,6295.0,91184.0,12526.0,35017.0,66168.0,40985.0,129455.0,57625.0,7842.0,7178.0,250357.0,191132.0,157445.0,33687.0,9882.0,23805.0,59225.0,396443,396174.0,376906.0,19268,250357.0,199652,50705.0,371275.0,329277.0,10050,553.0,3214.0,26413.0,250357.0,230072.0,18141.0,14
2016,15,R,,0,274554,700549,700549.0,685751.0,418.0,2690.0,5233.0,6457.0,700549.0,688859.0,11690,14798.0,2409.0,2920.0,1398.0,,,,,,,648770,31367,1693.0,4540,251.0,3811.0,10117.0,18784,347422,20765.0,23841.0,21567.0,13724.0,8989.0,2992.0,4275.0,13202.0,23693.0,21774.0,22457.0,20498.0,21792.0,23680.0,23491.0,10050.0,14437.0,8274.0,11418.0,13469.0,9585.0,7783.0,5666.0,353127,20590.0,22535.0,22418.0,13346.0,8557.0,4598.0,3904.0,11608.0,21271.0,19178.0,21330.0,21034.0,20289.0,24136.0,25341.0,9130.0,14287.0,7712.0,12436.0,15304.0,12603.0,8579.0,12941.0,49927,275299.0,21027.0,14887.0,16238.0,16847.0,12904.0,15879.0,14154.0,13690.0,12182.0,21126.0,29394.0,38013.0,21462.0,11488.0,9535.0,6473.0,673463.0,95351,483638.0,3215.0,10.0,274.0,77.0,22.0,177.0,355.0,238.0,1417.0,1115.0,10893.0,5224.0,11206.0,10850.0,5252.0,136935.0,27934.0,40413.0,74706.0,55646.0,63579.0,28169.0,3557.0,2374.0,275299.0,179339.0,139120.0,40219.0,11260.0,28959.0,95960.0,331918,331648.0,313288.0,18360,275299.0,206981,68318.0,307415.0,280690.0,1562,1015.0,6959.0,14664.0,275299.0,210333.0,57439.0,15
2016,16,R,,0,259722,687998,687998.0,649593.0,1221.0,3367.0,17486.0,16331.0,687998.0,654181.0,33817,38405.0,4302.0,8425.0,5171.0,,,,,,,623579,23523,848.0,9120,256.0,15228.0,15444.0,64186,343262,18427.0,23157.0,22175.0,14809.0,8862.0,5439.0,4568.0,14770.0,19986.0,19411.0,21345.0,21185.0,22078.0,24210.0,24928.0,9159.0,14198.0,7702.0,11182.0,14267.0,9669.0,6600.0,5135.0,344736,16636.0,19734.0,21554.0,14440.0,8834.0,4944.0,3705.0,13511.0,18632.0,19527.0,19467.0,22088.0,22586.0,24571.0,23519.0,9898.0,14105.0,8155.0,11266.0,16177.0,10587.0,9607.0,11193.0,57182,270748.0,13911.0,13139.0,11546.0,13119.0,14070.0,14826.0,11890.0,13835.0,11181.0,23393.0,30929.0,37146.0,25002.0,15024.0,12658.0,9079.0,667192.0,82616,472433.0,2512.0,0.0,161.0,191.0,362.0,591.0,95.0,583.0,1616.0,956.0,4692.0,5463.0,8543.0,12109.0,8850.0,135104.0,23102.0,42408.0,72714.0,47613.0,65897.0,29442.0,5884.0,3545.0,270748.0,185869.0,141091.0,44778.0,13417.0,31361.0,84879.0,352314,352022.0,329425.0,22597,270748.0,193477,77271.0,324205.0,297177.0,1370,1588.0,6284.0,14753.0,270748.0,227792.0,37003.0,16
2016,17,D,,173125,113943,691212,691212.0,655064.0,964.0,3854.0,11303.0,20027.0,691212.0,659882.0,31330,36148.0,6761.0,9864.0,4243.0,,,,,,,565738,80747,1761.0,10007,436.0,10919.0,21604.0,64640,340563,22283.0,22295.0,22418.0,12439.0,9832.0,4983.0,5231.0,12411.0,21530.0,21519.0,20470.0,20342.0,20600.0,23198.0,23928.0,11138.0,11723.0,8580.0,11462.0,12120.0,10691.0,6097.0,5273.0,350649,20134.0,19737.0,21415.0,13692.0,9388.0,5026.0,4730.0,13817.0,21495.0,20093.0,19280.0,19478.0,21368.0,22419.0,25656.0,10641.0,13496.0,8043.0,12932.0,15314.0,11329.0,9129.0,12037.0,45360,283430.0,25032.0,18304.0,18913.0,18766.0,14690.0,15208.0,15559.0,14091.0,12799.0,24518.0,29836.0,32148.0,19604.0,10831.0,7711.0,5420.0,667990.0,121273,471381.0,4496.0,242.0,133.0,66.0,689.0,655.0,1069.0,765.0,2205.0,1478.0,5041.0,7370.0,12705.0,15038.0,7861.0,131747.0,27426.0,45052.0,75843.0,43457.0,59898.0,21263.0,4300.0,2582.0,283430.0,173811.0,121893.0,51918.0,13398.0,38520.0,109619.0,338177,337813.0,311588.0,26225,283430.0,184814,98616.0,305737.0,278104.0,5074,956.0,8356.0,9432.0,283430.0,218692.0,56487.0,17
2016,18,R,,96770,250506,713402,713402.0,681209.0,571.0,2916.0,11469.0,17237.0,713402.0,684696.0,28706,32193.0,8700.0,8854.0,1525.0,,,,,,,647359,29237,1599.0,18309,60.0,4098.0,12740.0,20093,351634,19353.0,23843.0,22714.0,14726.0,10391.0,4136.0,4115.0,13350.0,22086.0,20843.0,22370.0,22349.0,22542.0,24336.0,24862.0,9529.0,13415.0,8806.0,11194.0,13859.0,9474.0,7431.0,5910.0,361768,20578.0,21242.0,21748.0,14880.0,9771.0,4559.0,3601.0,13210.0,19546.0,20390.0,23500.0,21666.0,22452.0,24967.0,25116.0,10029.0,13997.0,8461.0,12276.0,16278.0,12330.0,8266.0,12905.0,60857,283990.0,13537.0,10680.0,11859.0,12893.0,13774.0,12514.0,12155.0,14212.0,12672.0,25479.0,29185.0,39960.0,27953.0,15519.0,17615.0,13983.0,690732.0,66013,491185.0,3269.0,70.0,138.0,25.0,41.0,500.0,256.0,472.0,492.0,261.0,4863.0,3601.0,6381.0,8403.0,4698.0,129918.0,19591.0,39745.0,68305.0,44561.0,100258.0,39135.0,9219.0,6983.0,283990.0,190910.0,152385.0,38525.0,10564.0,27961.0,93080.0,360230,359988.0,341881.0,18107,283990.0,215324,68666.0,336438.0,310230.0,1467,1117.0,6544.0,15250.0,283990.0,232151.0,44320.0,18
2016,2,D,,235051,59471,713917,713917.0,656293.0,1506.0,2766.0,27168.0,26184.0,713917.0,660565.0,53352,57624.0,5679.0,13559.0,7156.0,,,,,,,264797,406653,621.0,5436,165.0,23507.0,12738.0,99610,334166,22777.0,22210.0,25935.0,15046.0,9939.0,6496.0,5786.0,16761.0,20565.0,18774.0,19482.0,20987.0,20350.0,22510.0,22596.0,8321.0,11213.0,6732.0,8760.0,11984.0,7744.0,4690.0,4508.0,379751,22170.0,24763.0,23591.0,17201.0,10246.0,5612.0,5313.0,16476.0,24040.0,19694.0,23385.0,23099.0,25316.0,26674.0,26145.0,10761.0,13573.0,10076.0,11651.0,13017.0,10471.0,8023.0,8454.0,48417,263915.0,29899.0,13922.0,14746.0,15498.0,12919.0,13629.0,11233.0,12494.0,11162.0,22859.0,26427.0,32147.0,20356.0,11450.0,9448.0,5726.0,703137.0,134525,463595.0,5479.0,0.0,229.0,175.0,344.0,1169.0,1497.0,1683.0,5447.0,559.0,5919.0,6631.0,8655.0,11604.0,11566.0,109979.0,17926.0,32721.0,96315.0,37504.0,66729.0,32674.0,5300.0,3490.0,263915.0,166338.0,92612.0,73726.0,17456.0,56270.0,97577.0,353687,353591.0,307815.0,45776,263915.0,161062,102853.0,300249.0,235508.0,41666,198.0,5034.0,12894.0,263915.0,209217.0,49659.0,2
2016,3,D,,225320,0,720930,720930.0,560901.0,2917.0,5797.0,79672.0,71643.0,720930.0,569615.0,151315,160029.0,15417.0,37112.0,19795.0,,,,,,,529893,38014,2277.0,30281,170.0,104678.0,15617.0,238646,361574,21776.0,25887.0,27954.0,15848.0,9940.0,5068.0,3713.0,14523.0,25699.0,24634.0,23628.0,22010.0,26184.0,24864.0,25517.0,10666.0,12162.0,6623.0,9919.0,10486.0,5244.0,5574.0,3655.0,359356,22281.0,22520.0,26856.0,11703.0,8139.0,3276.0,3872.0,15310.0,23660.0,22143.0,23414.0,21018.0,23004.0,27210.0,23749.0,10834.0,13846.0,8230.0,10708.0,13550.0,9229.0,7332.0,7472.0,66270,244418.0,12548.0,8043.0,10306.0,11238.0,11300.0,12118.0,12151.0,10174.0,7081.0,15782.0,27111.0,34695.0,23131.0,15957.0,17701.0,15082.0,709207.0,73063,482264.0,9723.0,89.0,50.0,327.0,936.0,1578.0,891.0,1622.0,9284.0,2615.0,8447.0,5894.0,7847.0,8364.0,10670.0,130205.0,16463.0,29183.0,71049.0,37157.0,87308.0,32533.0,7010.0,3019.0,244418.0,171013.0,128456.0,42557.0,14630.0,27927.0,73405.0,364737,364688.0,338513.0,26175,244418.0,179263,65155.0,329230.0,273158.0,36243,1647.0,7942.0,7724.0,244418.0,205944.0,32615.0,3
2016,4,D,,171297,0,695098,695098.0,438547.0,18146.0,5608.0,90759.0,142038.0,695098.0,462301.0,232797,256551.0,25018.0,53115.0,49410.0,,,,,,,385144,26083,4398.0,25740,290.0,235506.0,17937.0,487383,352478,27202.0,25852.0,23430.0,14333.0,8890.0,4271.0,5162.0,15148.0,33815.0,29849.0,30759.0,24529.0,23876.0,20736.0,19227.0,7721.0,7972.0,4621.0,5663.0,8545.0,5206.0,3296.0,2375.0,342620,22484.0,23454.0,24242.0,16080.0,8361.0,3684.0,4723.0,16145.0,31434.0,29317.0,28195.0,22029.0,21905.0,19862.0,19346.0,6725.0,8752.0,5858.0,7343.0,8183.0,5699.0,4032.0,4767.0,51383,223350.0,12557.0,11511.0,11612.0,12831.0,10624.0,12050.0,15012.0,11430.0,9929.0,19098.0,20420.0,29235.0,17705.0,10359.0,10267.0,8710.0,690682.0,114251,451637.0,14891.0,216.0,178.0,664.0,4323.0,2058.0,3243.0,3040.0,31503.0,2663.0,14249.0,9505.0,10478.0,10539.0,13915.0,107822.0,16800.0,16113.0,53143.0,25635.0,75181.0,27630.0,5388.0,2460.0,223350.0,152761.0,99615.0,53146.0,16254.0,36892.0,70589.0,370848,370765.0,346780.0,23985,223350.0,101920,121430.0,339911.0,240653.0,66478,7681.0,10696.0,10078.0,223350.0,173296.0,38906.0,4
2016,5,D,,212842,86222,723373,723373.0,549170.0,6107.0,8644.0,90101.0,69351.0,723373.0,563921.0,159452,174203.0,29342.0,34408.0,15602.0,677059.0,446772.0,99935.0,3971.0,46.0,6665.0,593685,18194,1552.0,50171,406.0,34357.0,25008.0,139326,356625,24219.0,19303.0,18107.0,8156.0,6335.0,4621.0,5090.0,18109.0,39944.0,38166.0,31535.0,22528.0,23587.0,20348.0,20936.0,7256.0,9675.0,4737.0,8744.0,10205.0,5833.0,4583.0,4608.0,366748,22095.0,18136.0,15116.0,8358.0,6476.0,4663.0,3814.0,18537.0,44830.0,37694.0,28185.0,23373.0,22922.0,20302.0,19655.0,8684.0,12052.0,6938.0,9674.0,11247.0,8423.0,5775.0,9799.0,80269,297889.0,14890.0,8658.0,9194.0,11047.0,9180.0,10959.0,9311.0,9167.0,10842.0,20849.0,26633.0,39049.0,32726.0,17874.0,27942.0,39568.0,713243.0,58849,522238.0,7215.0,0.0,34.0,181.0,121.0,1267.0,502.0,1320.0,5359.0,963.0,6116.0,2319.0,3639.0,3415.0,8071.0,80496.0,10478.0,18221.0,56643.0,30279.0,174745.0,78361.0,24523.0,7970.0,297889.0,155918.0,123734.0,32184.0,11135.0,21049.0,141971.0,440619,440426.0,424109.0,16317,297889.0,163072,134817.0,417034.0,244617.0,118756,6441.0,16892.0,23862.0,297889.0,255767.0,34983.0,5
2016,6,R,,143591,208555,722323,722323.0,609513.0,1256.0,5301.0,67738.0,38515.0,722323.0,616070.0,106253,112810.0,16689.0,25783.0,6727.0,681982.0,547200.0,43776.0,2176.0,77.0,1699.0,599312,19108,684.0,65830,193.0,16399.0,20797.0,67177,353209,21133.0,20983.0,23904.0,17024.0,9149.0,4576.0,4117.0,12851.0,20512.0,23520.0,22772.0,20614.0,25984.0,28172.0,28139.0,10497.0,12657.0,6582.0,9940.0,12038.0,7127.0,5743.0,5175.0,369114,19208.0,23440.0,25048.0,16817.0,8797.0,4397.0,3460.0,12887.0,18612.0,22787.0,21497.0,19279.0,26278.0,32645.0,29410.0,11708.0,13707.0,8338.0,11728.0,14283.0,8021.0,7089.0,9678.0,97387,262303.0,8717.0,5502.0,6277.0,6251.0,6846.0,9065.0,7985.0,9511.0,6901.0,14132.0,19950.0,33244.0,34187.0,22385.0,27784.0,43566.0,712132.0,33780,494532.0,4172.0,110.0,33.0,44.0,0.0,514.0,140.0,1217.0,1389.0,637.0,2234.0,2287.0,3630.0,3059.0,5587.0,70869.0,9022.0,29475.0,65563.0,36461.0,160506.0,73203.0,16697.0,7683.0,262303.0,186300.0,158258.0,28042.0,7474.0,20568.0,76003.0,398397,398207.0,382811.0,15396,262303.0,204599,57704.0,375732.0,311509.0,24958,1616.0,5142.0,29878.0,262303.0,241239.0,17583.0,6
2016,7,D,,250584,46882,723481,723481.0,614174.0,4412.0,5140.0,40807.0,58948.0,723481.0,623726.0,99755,109307.0,24111.0,27911.0,10297.0,,,,,,,256647,341264,1315.0,53760,650.0,53663.0,16182.0,119971,343743,22064.0,20499.0,18224.0,12630.0,9704.0,5221.0,5326.0,17593.0,36337.0,35172.0,24344.0,21746.0,21506.0,19451.0,19083.0,7821.0,10395.0,6158.0,8715.0,8853.0,5783.0,3926.0,3192.0,379738,22066.0,19313.0,19933.0,11027.0,8565.0,4242.0,5865.0,20106.0,37543.0,37051.0,26981.0,25792.0,25008.0,19650.0,24893.0,9584.0,11518.0,7374.0,9339.0,12686.0,9814.0,6306.0,5082.0,54147,295886.0,37093.0,16369.0,16380.0,16091.0,12172.0,11653.0,8347.0,10125.0,8939.0,19226.0,23147.0,29283.0,23154.0,15823.0,20781.0,27303.0,696266.0,156424,501103.0,5954.0,0.0,136.0,367.0,1090.0,808.0,1088.0,1353.0,6427.0,1683.0,7372.0,6706.0,11253.0,15894.0,8935.0,103403.0,14575.0,20927.0,65458.0,23844.0,112564.0,59880.0,20950.0,10436.0,295886.0,148364.0,80586.0,67778.0,12810.0,54968.0,147522.0,383258,383023.0,347246.0,35777,295886.0,118090,177796.0,340757.0,178967.0,80340,4503.0,45937.0,20673.0,295886.0,221876.0,55884.0,7
2016,8,D,,144954,103617,717789,717789.0,506357.0,3580.0,5585.0,94746.0,107521.0,717789.0,515522.0,202267,211432.0,34069.0,55767.0,28979.0,672198.0,380057.0,160367.0,1431.0,0.0,5298.0,465992,33339,2737.0,92202,169.0,102625.0,20725.0,210817,362008,23180.0,28083.0,22821.0,15504.0,8386.0,3724.0,4983.0,14025.0,27105.0,25704.0,26025.0,27017.0,24809.0,25062.0,24223.0,8186.0,12826.0,7339.0,8349.0,10002.0,5823.0,5020.0,3812.0,355781,22411.0,24297.0,22667.0,14613.0,7268.0,3135.0,3217.0,11705.0,24590.0,26311.0,26732.0,25223.0,22821.0,24525.0,21604.0,10140.0,13815.0,6644.0,8787.0,12257.0,8737.0,6862.0,7420.0,67745,253677.0,11806.0,7352.0,8817.0,10151.0,10222.0,11911.0,9868.0,10462.0,8101.0,22017.0,27203.0,38934.0,29603.0,16784.0,17680.0,12766.0,712250.0,80916,487770.0,8628.0,208.0,111.0,351.0,444.0,2457.0,1764.0,2669.0,10834.0,1720.0,10403.0,5543.0,6271.0,7290.0,9777.0,114277.0,12781.0,28223.0,71370.0,33721.0,106702.0,43001.0,6147.0,3078.0,253677.0,175620.0,129832.0,45788.0,14230.0,31558.0,78057.0,393589,393346.0,373713.0,19633,253677.0,167872,85805.0,367188.0,328039.0,12576,1042.0,5714.0,14813.0,253677.0,220221.0,28406.0,8
2016,9,D,,217306,109550,724071,724071.0,531212.0,2437.0,7107.0,108958.0,74357.0,724071.0,540756.0,183315,192859.0,35926.0,45063.0,14155.0,681931.0,443010.0,61439.0,4702.0,1402.0,4034.0,514493,72697,2369.0,93906,213.0,17837.0,22556.0,78549,350566,20904.0,22525.0,21099.0,13890.0,7897.0,2891.0,3659.0,12180.0,24371.0,25746.0,22530.0,25690.0,22425.0,26622.0,24750.0,9132.0,13029.0,7158.0,10351.0,11562.0,8917.0,6220.0,7018.0,373505,21236.0,21030.0,20394.0,14526.0,9921.0,3986.0,3734.0,12300.0,24292.0,25669.0,25673.0,23930.0,22197.0,24204.0,25885.0,10961.0,14331.0,8888.0,9686.0,13827.0,10817.0,10161.0,15857.0,67084,286837.0,21391.0,12669.0,11776.0,11930.0,11503.0,9851.0,9856.0,11648.0,10122.0,19992.0,25075.0,32126.0,26480.0,15816.0,24018.0,32584.0,704366.0,86078,511899.0,6509.0,61.0,364.0,54.0,522.0,976.0,1029.0,1991.0,3904.0,1100.0,5052.0,3676.0,5664.0,6157.0,9320.0,71416.0,10237.0,20687.0,62364.0,28623.0,156475.0,80158.0,21649.0,13911.0,286837.0,167710.0,132405.0,35305.0,10395.0,24910.0,119127.0,374355,374147.0,358829.0,15318,286837.0,169991,116846.0,354120.0,233579.0,72270,5538.0,14072.0,23091.0,286837.0,239621.0,34766.0,9
2018,1,D,,189560,50960,706550,706550.0,643062.0,471.0,6298.0,27214.0,29505.0,706550.0,649831.0,56719,63488.0,13921.0,15136.0,5662.0,,,,,,,303613,354097,301.0,17443,103.0,19255.0,11738.0,75300,333301,18196.0,21751.0,24338.0,14361.0,9270.0,4695.0,5668.0,15456.0,22978.0,23436.0,19043.0,20942.0,22829.0,20444.0,21307.0,9962.0,13076.0,7236.0,9086.0,10207.0,9707.0,5192.0,4121.0,373249,22652.0,18271.0,21452.0,13615.0,9729.0,5634.0,4356.0,13361.0,25751.0,24447.0,22282.0,22241.0,24727.0,23465.0,27772.0,11081.0,15101.0,9290.0,11431.0,14712.0,12811.0,8364.0,10704.0,55969,269599.0,27773.0,13406.0,12525.0,13328.0,11318.0,13037.0,10335.0,11014.0,10235.0,18260.0,29601.0,28735.0,25465.0,15698.0,15438.0,13431.0,695232.0,114912,483745.0,5708.0,284.0,265.0,107.0,192.0,424.0,397.0,649.0,2002.0,1590.0,4920.0,2402.0,6360.0,12140.0,10603.0,112051.0,18536.0,35090.0,85472.0,40289.0,85833.0,42071.0,7494.0,8866.0,269599.0,163755.0,91068.0,72687.0,14344.0,58343.0,105844.0,360460,360357.0,324630.0,35727,269599.0,161445,108154.0,315657.0,235869.0,53279,1657.0,8065.0,13556.0,269599.0,222530.0,40023.0,1
2018,10,D,,156540,82124,711265,711265.0,518338.0,3353.0,6834.0,98486.0,84254.0,711265.0,528525.0,182740,192927.0,36345.0,47949.0,18554.0,669071.0,409992.0,134041.0,1278.0,216.0,1510.0,493441,44334,3364.0,82379,422.0,67579.0,19746.0,169408,353539,20851.0,22203.0,27031.0,15554.0,11668.0,7278.0,4621.0,15226.0,21936.0,22309.0,22982.0,22193.0,22550.0,22361.0,23728.0,9406.0,11542.0,8450.0,9528.0,12641.0,8538.0,4818.0,6125.0,357726,21343.0,20042.0,25147.0,14479.0,9355.0,3629.0,3872.0,15965.0,19999.0,21170.0,23167.0,22794.0,22511.0,24836.0,25315.0,10173.0,14135.0,7753.0,9315.0,14888.0,9660.0,7517.0,10661.0,82099,251936.0,11943.0,8481.0,6743.0,9607.0,7919.0,11334.0,8310.0,6416.0,7364.0,15500.0,23907.0,31121.0,25381.0,16795.0,21021.0,40094.0,691238.0,58249,473001.0,8254.0,0.0,392.0,0.0,1345.0,1413.0,768.0,1124.0,7546.0,1436.0,5228.0,4973.0,3906.0,5470.0,8243.0,84044.0,13539.0,26075.0,50745.0,27460.0,125364.0,64404.0,20850.0,10422.0,251936.0,177770.0,141469.0,36301.0,10368.0,25933.0,74166.0,377716,370169.0,352388.0,17781,251936.0,174391,77545.0,352623.0,299109.0,18836,769.0,10249.0,20844.0,251936.0,228479.0,18789.0,10
2018,11,D,,145407,82358,722584,722584.0,570531.0,4115.0,5206.0,66187.0,76545.0,722584.0,579852.0,142732,152053.0,29478.0,38073.0,18789.0,678700.0,452521.0,153192.0,1387.0,91.0,1317.0,496219,76321,3335.0,58102,418.0,58508.0,29681.0,210124,357375,23351.0,21959.0,28883.0,16223.0,10174.0,7124.0,5730.0,12351.0,23594.0,23874.0,26040.0,22706.0,28339.0,25781.0,21964.0,10530.0,9893.0,6345.0,7769.0,11108.0,6505.0,3700.0,3432.0,365209,20533.0,24885.0,28322.0,14619.0,10655.0,4565.0,5142.0,14205.0,21944.0,22676.0,26597.0,26971.0,27083.0,23466.0,22956.0,8616.0,10700.0,7184.0,8632.0,14039.0,9409.0,4539.0,7471.0,79003,249169.0,9491.0,4975.0,6746.0,7719.0,8440.0,9691.0,9767.0,9362.0,9271.0,17110.0,25404.0,37681.0,28266.0,21320.0,20532.0,23394.0,714293.0,59646,473863.0,8933.0,276.0,0.0,468.0,702.0,1749.0,1352.0,1558.0,9625.0,2178.0,8041.0,7106.0,4820.0,6341.0,9019.0,94061.0,18846.0,31491.0,62309.0,37676.0,106289.0,47477.0,7615.0,5931.0,249169.0,177819.0,131992.0,45827.0,16265.0,29562.0,71350.0,400658,400385.0,381907.0,18478,249169.0,175712,73457.0,373561.0,330197.0,17260,432.0,4503.0,17136.0,249169.0,221895.0,23708.0,11
2018,12,R,,118724,134884,687072,687072.0,662720.0,841.0,6039.0,8092.0,9380.0,687072.0,669600.0,17472,24352.0,7798.0,3323.0,967.0,,,,,,,533450,117582,1329.0,8924,110.0,8331.0,17346.0,21908,341016,20376.0,20843.0,22420.0,14345.0,9137.0,4116.0,5032.0,12413.0,25105.0,22948.0,20498.0,20647.0,21259.0,22341.0,24367.0,10288.0,12982.0,8128.0,10837.0,13410.0,9348.0,5314.0,4862.0,346056,19882.0,19303.0,22174.0,10935.0,8081.0,3196.0,5514.0,11716.0,23379.0,21419.0,21224.0,20937.0,21018.0,21896.0,23119.0,11874.0,14320.0,8423.0,11483.0,16131.0,13409.0,7247.0,9376.0,50556,277817.0,24276.0,15204.0,16352.0,15321.0,14860.0,14441.0,12740.0,12985.0,11019.0,20901.0,31049.0,33310.0,21360.0,11703.0,12598.0,9698.0,665050.0,111064,477589.0,3602.0,70.0,0.0,41.0,579.0,159.0,620.0,306.0,1070.0,1382.0,6311.0,5722.0,11339.0,12066.0,7167.0,117233.0,25283.0,44127.0,74978.0,52295.0,66692.0,36433.0,6182.0,3932.0,277817.0,171301.0,120137.0,51164.0,13501.0,37663.0,106516.0,333602,330505.0,310439.0,20066,277817.0,184201,93616.0,308264.0,285075.0,4364,1362.0,6015.0,8571.0,277817.0,220950.0,47149.0,12
2018,13,R,,134458,136516,704211,704211.0,659393.0,448.0,4513.0,14671.0,25186.0,704211.0,664354.0,39857,44818.0,19337.0,8316.0,2590.0,,,,,,,570733,77759,1086.0,31373,0.0,5983.0,17277.0,26122,348155,20184.0,18682.0,21150.0,13277.0,17223.0,8826.0,10110.0,19729.0,23721.0,22833.0,23100.0,18681.0,19226.0,19558.0,20564.0,9109.0,13732.0,7267.0,9432.0,12966.0,8869.0,4707.0,5209.0,356056,17929.0,18756.0,20707.0,10408.0,17616.0,11052.0,7581.0,18276.0,21716.0,21330.0,21088.0,20883.0,18189.0,21150.0,22647.0,9309.0,14373.0,7522.0,10374.0,15670.0,11250.0,7297.0,10933.0,51401,286809.0,28252.0,14303.0,14314.0,17051.0,13033.0,15196.0,13270.0,12783.0,10527.0,25609.0,26637.0,34457.0,24385.0,12344.0,12786.0,11862.0,663915.0,119512,452705.0,2630.0,0.0,18.0,0.0,156.0,231.0,49.0,129.0,886.0,908.0,3959.0,4150.0,7849.0,11444.0,5990.0,117991.0,21977.0,34120.0,63574.0,40812.0,78170.0,40124.0,8865.0,8673.0,286809.0,165940.0,123046.0,42894.0,11831.0,31063.0,120869.0,357058,356604.0,337795.0,18809,286809.0,180115,106694.0,332596.0,289519.0,8827,2121.0,15528.0,14077.0,286809.0,236929.0,34670.0,13
2018,14,D,,156035,141164,742235,742235.0,665406.0,2386.0,4570.0,41368.0,28505.0,742235.0,672362.0,69873,76829.0,11290.0,19440.0,6086.0,,,,,,,645869,28485,1023.0,28809,186.0,15912.0,21951.0,97239,373029,25949.0,26575.0,29457.0,18585.0,11313.0,4167.0,4342.0,10737.0,18213.0,22540.0,25575.0,24714.0,25581.0,28507.0,26548.0,10323.0,12849.0,7213.0,9907.0,12719.0,8966.0,3475.0,4774.0,369206,19557.0,26495.0,28223.0,15175.0,7397.0,2605.0,4107.0,12042.0,21044.0,21812.0,21683.0,26726.0,30133.0,27441.0,26244.0,9730.0,13099.0,7850.0,9774.0,14143.0,9825.0,7248.0,6853.0,94403,262859.0,7885.0,5789.0,4858.0,6257.0,6995.0,6078.0,7073.0,5892.0,6912.0,16857.0,25665.0,38235.0,33121.0,25158.0,32048.0,34036.0,736202.0,35960,495509.0,2993.0,49.0,166.0,309.0,504.0,368.0,478.0,722.0,1350.0,1183.0,2068.0,2784.0,3313.0,4194.0,6781.0,101537.0,12784.0,35676.0,65850.0,44178.0,127359.0,61320.0,11334.0,8209.0,262859.0,202083.0,169216.0,32867.0,11196.0,21671.0,60776.0,398132,398015.0,383858.0,14157,262859.0,217652,45207.0,377637.0,330304.0,11096,552.0,2762.0,29423.0,262859.0,245775.0,14395.0,14
2018,15,R,,74309,181294,691196,691196.0,675199.0,655.0,3179.0,6491.0,5672.0,691196.0,679033.0,12163,15997.0,3009.0,2743.0,1560.0,,,,,,,639755,31004,1228.0,3770,282.0,2998.0,12159.0,18636,346943,22407.0,20801.0,23393.0,13625.0,8600.0,3907.0,5336.0,12195.0,20489.0,21791.0,22773.0,19527.0,20865.0,21889.0,26225.0,10346.0,12834.0,8566.0,12619.0,13898.0,11199.0,7953.0,5705.0,344253,19601.0,19374.0,20883.0,13353.0,8502.0,3482.0,4052.0,10125.0,19393.0,19522.0,21339.0,18865.0,19804.0,21256.0,27485.0,10353.0,12874.0,8261.0,12679.0,16828.0,13327.0,10915.0,11980.0,53042,276514.0,18090.0,14665.0,14071.0,15986.0,13423.0,12951.0,14737.0,14418.0,12146.0,22889.0,30598.0,38204.0,22688.0,12275.0,11814.0,7559.0,663971.0,90983,481560.0,3933.0,0.0,47.0,90.0,46.0,169.0,314.0,187.0,900.0,1214.0,10079.0,4723.0,9313.0,9328.0,6553.0,136767.0,28163.0,44081.0,69452.0,60459.0,61974.0,26242.0,4282.0,3244.0,276514.0,184317.0,140936.0,43381.0,12019.0,31362.0,92197.0,328751,328407.0,310983.0,17424,276514.0,206151,70363.0,306998.0,276861.0,1751,1418.0,7560.0,17243.0,276514.0,222689.0,47541.0,15
2018,16,R,,104569,151254,684888,684888.0,642181.0,1018.0,4301.0,18720.0,18668.0,684888.0,647500.0,37388,42707.0,6770.0,8697.0,5722.0,,,,,,,619708,25648,1341.0,11044,176.0,11562.0,15409.0,70798,343108,19358.0,18784.0,23138.0,14502.0,9889.0,5886.0,5525.0,14013.0,22548.0,18747.0,21064.0,19540.0,21680.0,23004.0,25178.0,10460.0,13555.0,7949.0,11233.0,15144.0,10181.0,6621.0,5109.0,341780,17725.0,18296.0,21738.0,12316.0,10112.0,4238.0,3908.0,12181.0,20074.0,18446.0,18369.0,20305.0,23119.0,23672.0,25226.0,9547.0,14155.0,7502.0,12241.0,17367.0,11613.0,9450.0,10180.0,61773,274557.0,11382.0,12049.0,13169.0,14042.0,13020.0,15022.0,9845.0,13372.0,9576.0,21105.0,31893.0,35315.0,28129.0,17621.0,17154.0,11863.0,665484.0,70792,473279.0,5151.0,11.0,33.0,420.0,239.0,278.0,815.0,446.0,4636.0,463.0,3513.0,4891.0,6649.0,9068.0,8568.0,131056.0,24698.0,39906.0,70221.0,47216.0,73426.0,32889.0,4957.0,3729.0,274557.0,179700.0,140382.0,39318.0,12032.0,27286.0,94857.0,354224,354081.0,337152.0,16929,274557.0,197906,76651.0,330317.0,304971.0,1424,1187.0,5044.0,14577.0,274557.0,238604.0,29424.0,16
2018,17,D,,142659,87090,679926,679926.0,643766.0,1115.0,4490.0,12134.0,18421.0,679926.0,649371.0,30555,36160.0,8334.0,9896.0,4810.0,,,,,,,553346,80141,1776.0,10393,245.0,11838.0,22187.0,60034,336379,20707.0,20397.0,23554.0,13062.0,7804.0,5746.0,4504.0,13237.0,21765.0,20818.0,20578.0,19245.0,20393.0,21410.0,22688.0,10434.0,13201.0,8214.0,10479.0,15099.0,11249.0,6257.0,5538.0,343547,19351.0,21073.0,19658.0,12570.0,9164.0,4491.0,4061.0,12680.0,20757.0,20207.0,19938.0,19519.0,19923.0,21620.0,24086.0,9948.0,14449.0,9311.0,12129.0,16167.0,12396.0,8766.0,11283.0,47853,280917.0,21732.0,15997.0,16135.0,18166.0,14889.0,14957.0,15325.0,15469.0,12220.0,23865.0,30474.0,35102.0,20194.0,10583.0,10308.0,5501.0,655934.0,110228,467867.0,4646.0,68.0,160.0,186.0,361.0,626.0,291.0,839.0,2267.0,1705.0,5004.0,6928.0,9420.0,10900.0,8830.0,132849.0,29023.0,45774.0,70807.0,46075.0,61294.0,23458.0,4355.0,2001.0,280917.0,169931.0,119100.0,50831.0,13997.0,36834.0,110986.0,330276,330022.0,307434.0,22588,280917.0,187000,93917.0,302522.0,278535.0,3331,1212.0,6357.0,10521.0,280917.0,229789.0,44007.0,17
2018,18,R,,95486,195927,700276,700276.0,668854.0,925.0,3360.0,14496.0,12641.0,700276.0,673139.0,27137,31422.0,9343.0,7418.0,1393.0,,,,,,,628155,29816,1320.0,20195,28.0,5299.0,15463.0,21322,342649,20641.0,21367.0,23376.0,14713.0,8723.0,4148.0,4269.0,11049.0,20148.0,21352.0,22224.0,20330.0,20908.0,21125.0,24969.0,9243.0,14171.0,7381.0,12222.0,15511.0,11034.0,6765.0,6980.0,357627,20797.0,20751.0,23034.0,13370.0,9229.0,4741.0,4343.0,10621.0,21020.0,20293.0,21107.0,20877.0,21480.0,22108.0,25716.0,9335.0,15194.0,9773.0,11682.0,16671.0,12799.0,10090.0,12596.0,65362,279760.0,15710.0,10373.0,10842.0,12110.0,10442.0,14085.0,11201.0,12355.0,9516.0,21261.0,31855.0,39775.0,27145.0,18821.0,17829.0,16440.0,679721.0,67944,485104.0,1702.0,178.0,63.0,0.0,58.0,260.0,124.0,146.0,626.0,554.0,3607.0,3000.0,6291.0,6344.0,5497.0,126269.0,18729.0,36183.0,65986.0,47236.0,100599.0,45590.0,8483.0,7579.0,279760.0,184193.0,149905.0,34288.0,9395.0,24893.0,95567.0,347056,346622.0,334854.0,11768,279760.0,209231,70529.0,330931.0,305769.0,1084,901.0,6855.0,14912.0,279760.0,234598.0,35974.0,18
2018,2,D,,190684,44567,694459,694459.0,633358.0,2103.0,1993.0,27278.0,29727.0,694459.0,637454.0,57005,61101.0,7701.0,15385.0,9255.0,,,,,,,253856,393578,1139.0,6314,95.0,25713.0,13764.0,103443,321210,23003.0,20465.0,25772.0,17158.0,10926.0,3328.0,4365.0,13393.0,22328.0,17564.0,18976.0,19799.0,20575.0,20874.0,17985.0,8122.0,12498.0,6209.0,8831.0,11474.0,7380.0,5008.0,5177.0,373249,18759.0,20994.0,26289.0,17427.0,9134.0,4924.0,4142.0,15558.0,23667.0,23700.0,21590.0,24284.0,24078.0,25162.0,23284.0,10450.0,12727.0,8455.0,11040.0,16380.0,11428.0,9448.0,10329.0,49210,257381.0,23287.0,13302.0,13785.0,14487.0,14450.0,15339.0,11928.0,12614.0,11246.0,21775.0,24541.0,30325.0,20490.0,11330.0,11113.0,7369.0,685569.0,125603,458822.0,6644.0,145.0,247.0,53.0,443.0,478.0,1013.0,1434.0,4617.0,1243.0,5645.0,4411.0,7519.0,11477.0,9741.0,124755.0,15264.0,30303.0,92619.0,36929.0,62085.0,33888.0,3572.0,4297.0,257381.0,162028.0,87811.0,74217.0,14684.0,59533.0,95353.0,332463,332262.0,299420.0,32842,257381.0,156735,100646.0,291698.0,234822.0,33572,466.0,3905.0,13607.0,257381.0,212388.0,37988.0,2
2018,3,D,,163053,57885,704050,704050.0,550086.0,2435.0,7428.0,82048.0,62053.0,704050.0,559949.0,144101,153964.0,16474.0,33148.0,15581.0,,,,,,,554906,35460,3459.0,31306,158.0,63289.0,15472.0,228203,350554,20443.0,20948.0,25757.0,14459.0,9551.0,3765.0,4344.0,12308.0,24975.0,22935.0,25037.0,22101.0,22088.0,24815.0,26543.0,8812.0,14242.0,6286.0,9045.0,12935.0,9217.0,5256.0,4692.0,353496,23342.0,22737.0,23315.0,14761.0,7151.0,3175.0,3284.0,13301.0,22924.0,22179.0,23054.0,23952.0,20857.0,23105.0,22794.0,9128.0,13700.0,7560.0,9242.0,15728.0,10110.0,8277.0,9820.0,66862,246239.0,12258.0,7272.0,10050.0,11708.0,10666.0,10631.0,9193.0,11408.0,8951.0,16263.0,26917.0,30340.0,23520.0,16703.0,20117.0,20242.0,692985.0,71307,481409.0,9679.0,0.0,85.0,457.0,558.0,1303.0,1105.0,2114.0,8868.0,1801.0,8714.0,6782.0,7003.0,5540.0,14443.0,123133.0,17754.0,28649.0,72163.0,34594.0,84132.0,41253.0,6664.0,4615.0,246239.0,173289.0,129774.0,43515.0,14783.0,28732.0,72950.0,360445,360326.0,337156.0,23170,246239.0,182050,64189.0,329683.0,278177.0,30853,930.0,6523.0,9159.0,246239.0,208892.0,31903.0,3
2018,4,D,,143895,22294,702062,702062.0,465995.0,15940.0,7096.0,85793.0,127238.0,702062.0,489031.0,213031,236067.0,28142.0,43221.0,41934.0,,,,,,,420391,28977,3538.0,24719,188.0,204348.0,19901.0,475571,352971,24551.0,20833.0,27631.0,14085.0,7659.0,4480.0,4035.0,16933.0,33234.0,32041.0,30600.0,25211.0,22656.0,20492.0,19071.0,7272.0,10661.0,4701.0,7072.0,8610.0,6236.0,2164.0,2743.0,349091,21669.0,22739.0,22677.0,13734.0,9309.0,4370.0,4822.0,16183.0,32141.0,29883.0,28278.0,21994.0,24265.0,19006.0,19492.0,7966.0,10298.0,6323.0,7540.0,11076.0,6559.0,4372.0,4395.0,55305,233844.0,12624.0,7803.0,10511.0,16243.0,13170.0,13511.0,11592.0,10773.0,9544.0,19294.0,22753.0,28838.0,19662.0,11480.0,14880.0,11166.0,698344.0,95866,466352.0,15451.0,0.0,64.0,1066.0,1751.0,4423.0,1790.0,3815.0,24188.0,3495.0,9051.0,12217.0,6575.0,9073.0,10604.0,123441.0,15405.0,18988.0,57890.0,26076.0,79511.0,31905.0,6217.0,3356.0,233844.0,154753.0,98331.0,56422.0,18606.0,37816.0,79091.0,384474,384233.0,360885.0,23348,233844.0,113623,120221.0,356058.0,244032.0,78537,5788.0,9327.0,13011.0,233844.0,191261.0,36017.0,4
2018,5,D,,213992,65134,743699,743699.0,565501.0,5199.0,8902.0,97513.0,66584.0,743699.0,579602.0,164097,178198.0,33729.0,37021.0,11985.0,700467.0,466943.0,94706.0,3078.0,56.0,5367.0,594110,22900,1120.0,63328,187.0,35743.0,26311.0,138791,367389,22923.0,19426.0,19307.0,9079.0,6762.0,3034.0,3211.0,18441.0,43651.0,39866.0,29366.0,25874.0,23015.0,21620.0,20632.0,8475.0,11044.0,6177.0,9370.0,10573.0,6778.0,4712.0,4053.0,376310,20309.0,16768.0,16270.0,11239.0,6892.0,3871.0,4037.0,18577.0,42748.0,39366.0,29507.0,23440.0,23124.0,21511.0,22037.0,8901.0,13630.0,7160.0,9455.0,12252.0,8710.0,6906.0,9600.0,87326,304941.0,14083.0,7012.0,7605.0,11013.0,10452.0,10082.0,7392.0,9841.0,9640.0,18254.0,26211.0,38165.0,30496.0,22177.0,31891.0,50627.0,733042.0,61035,543553.0,7587.0,94.0,0.0,0.0,440.0,603.0,896.0,1100.0,4143.0,909.0,3476.0,2657.0,3899.0,5932.0,8904.0,82226.0,10781.0,22381.0,54212.0,29461.0,180700.0,83456.0,29979.0,9717.0,304941.0,163569.0,129280.0,34289.0,10990.0,23299.0,141372.0,457044,457022.0,440341.0,16681,304941.0,175693,129248.0,434323.0,262108.0,113921,8130.0,15377.0,27774.0,304941.0,265338.0,31746.0,5
2018,6,D,,169001,146445,730345,730345.0,612170.0,1059.0,6405.0,68534.0,42177.0,730345.0,619634.0,110711,118175.0,21175.0,26333.0,7382.0,690285.0,546585.0,49956.0,1844.0,371.0,2705.0,600898,17193,955.0,72910,64.0,18100.0,20225.0,73998,360402,20199.0,24799.0,24959.0,16374.0,9694.0,2877.0,4417.0,12860.0,19803.0,20323.0,22598.0,22783.0,25882.0,26522.0,27517.0,10200.0,15234.0,8167.0,11715.0,13486.0,9879.0,5307.0,4807.0,369943,19861.0,22374.0,24081.0,16019.0,8665.0,2495.0,2407.0,11520.0,19001.0,19643.0,24913.0,22293.0,23759.0,30088.0,30530.0,10791.0,15660.0,9675.0,11297.0,15268.0,12950.0,8263.0,8390.0,101493,270115.0,9080.0,4101.0,4677.0,8565.0,5872.0,6545.0,7656.0,7402.0,7536.0,14924.0,21883.0,32742.0,34341.0,20532.0,35724.0,48535.0,720130.0,39101,506744.0,3440.0,103.0,0.0,0.0,143.0,243.0,672.0,857.0,2212.0,669.0,2296.0,1885.0,2591.0,1908.0,5556.0,76709.0,8894.0,30161.0,58043.0,41078.0,161166.0,79786.0,17726.0,10606.0,270115.0,199484.0,168027.0,31457.0,8822.0,22635.0,70631.0,398815,398713.0,385440.0,13273,270115.0,216872,53243.0,378621.0,314175.0,23753,526.0,5948.0,31832.0,270115.0,252338.0,14169.0,6
2018,7,D,,215746,30497,707513,707513.0,601126.0,4912.0,4478.0,44358.0,52639.0,707513.0,610516.0,96997,106387.0,29802.0,20747.0,8207.0,,,,,,,264669,323450,1095.0,52122,148.0,48385.0,17644.0,124242,341185,20167.0,19638.0,19519.0,9882.0,8605.0,4603.0,4194.0,16870.0,39183.0,36210.0,26241.0,20456.0,19862.0,18312.0,19206.0,7768.0,9565.0,5308.0,9779.0,11521.0,8249.0,3207.0,2840.0,366328,19809.0,18616.0,17064.0,9475.0,10087.0,4592.0,5490.0,16924.0,39860.0,32658.0,26441.0,20777.0,22325.0,22669.0,22657.0,9453.0,11821.0,7816.0,10406.0,14805.0,9513.0,6943.0,6127.0,56166,301839.0,33918.0,17644.0,16174.0,18223.0,12291.0,10707.0,9957.0,10130.0,9766.0,16267.0,25462.0,27082.0,24584.0,16175.0,19931.0,33528.0,680478.0,137443,501978.0,8389.0,201.0,209.0,355.0,160.0,524.0,1657.0,1033.0,5220.0,2188.0,7053.0,5080.0,8496.0,14627.0,12072.0,102136.0,13746.0,20365.0,58840.0,28310.0,110752.0,62539.0,26341.0,11685.0,301839.0,144286.0,81990.0,62296.0,13748.0,48548.0,157553.0,376267,376128.0,342422.0,33706,301839.0,126479,175360.0,336736.0,172979.0,88231,5531.0,39882.0,20575.0,301839.0,241715.0,45629.0,7
2018,8,D,,130054,67073,707268,707268.0,488750.0,2295.0,7834.0,104716.0,103673.0,707268.0,498879.0,208389,218518.0,39503.0,59958.0,22964.0,657705.0,349002.0,165482.0,866.0,0.0,2558.0,454580,38308,6590.0,99254,1736.0,87930.0,18870.0,212650,341723,24592.0,22853.0,21017.0,13106.0,7206.0,3732.0,4706.0,14399.0,24756.0,26084.0,26650.0,25392.0,22264.0,19380.0,21882.0,10198.0,10849.0,6727.0,8832.0,12079.0,6305.0,4890.0,3824.0,365545,24971.0,24353.0,22540.0,14058.0,7913.0,4513.0,4093.0,16018.0,25612.0,26823.0,25018.0,23005.0,23926.0,19914.0,23629.0,10153.0,14045.0,8008.0,9938.0,13657.0,9423.0,6332.0,7603.0,72089,250552.0,10142.0,4846.0,8434.0,8506.0,8649.0,8661.0,9805.0,12436.0,10371.0,19254.0,28193.0,36838.0,29011.0,18647.0,20926.0,15833.0,702194.0,58125,477198.0,9879.0,163.0,0.0,0.0,1110.0,1949.0,1999.0,1813.0,10534.0,2532.0,5873.0,6975.0,8494.0,4769.0,12239.0,101398.0,12348.0,30370.0,62869.0,37420.0,108063.0,44732.0,7575.0,4094.0,250552.0,177231.0,135528.0,41703.0,11431.0,30272.0,73321.0,397559,397521.0,382455.0,15066,250552.0,167888,82664.0,375501.0,335475.0,13576,909.0,4316.0,17227.0,250552.0,226783.0,19783.0,8
2018,9,D,,213368,76983,721481,721481.0,529772.0,3386.0,7977.0,108774.0,71572.0,721481.0,541135.0,180346,191709.0,41544.0,45313.0,9523.0,678013.0,447142.0,58070.0,3632.0,1378.0,4174.0,507446,68026,1847.0,95553,771.0,22005.0,25833.0,81079,355134,22885.0,22606.0,20566.0,14750.0,7977.0,4947.0,5173.0,11159.0,25248.0,23033.0,22170.0,24912.0,22741.0,26362.0,25646.0,9019.0,12642.0,6969.0,10614.0,14394.0,9381.0,5318.0,6622.0,366347,20583.0,21480.0,23298.0,11276.0,8704.0,3940.0,3620.0,12419.0,23778.0,22756.0,25631.0,22733.0,21863.0,23995.0,24607.0,8185.0,14440.0,7555.0,12430.0,17600.0,11663.0,9137.0,14654.0,74614,290016.0,17873.0,9926.0,9787.0,12383.0,9933.0,10577.0,11164.0,10308.0,9146.0,19372.0,25124.0,31476.0,27691.0,18306.0,25981.0,40969.0,703489.0,81477,506098.0,7803.0,93.0,359.0,397.0,44.0,1150.0,1178.0,992.0,4008.0,699.0,4016.0,3054.0,3943.0,3956.0,7995.0,66556.0,9303.0,20405.0,54599.0,27287.0,160257.0,89892.0,24298.0,13814.0,290016.0,167652.0,135099.0,32553.0,9188.0,23365.0,122364.0,381623,381453.0,364527.0,16926,290016.0,176969,113047.0,357860.0,233100.0,78528,5181.0,13229.0,24548.0,290016.0,252893.0,28752.0,9
2020,1,D,,239943,85027,706292,,,,,,,,,51559,,,,,,,,,,,248615,362428,,8476,,,,69217,330545,,,,,,,,,,,,,,,,,,,,,,,,375747,,,,,,,,,,,,,,,,,,,,,,,,54892,,,,,,,,,,,,,,,,,,,111594,,,,,,,,,,,,,,,,,,,,,,,,,,,,,,,,,643432,,,62860,,411082,,,,129957,,,,,,,1
2020,2,D,,234896,63142,706293,,,,,,,,,57210,,,,,,,,,,,221776,382831,,12713,,,,74161,333410,,,,,,,,,,,,,,,,,,,,,,,,372883,,,,,,,,,,,,,,,,,,,,,,,,52784,,,,,,,,,,,,,,,,,,,114420,,,,,,,,,,,,,,,,,,,,,,,,,,,,,,,,,641314,,,64979,,438607,,,,107356,,,,,,,2
2020,3,D,,172997,133851,706292,,,,,,,,,135608,,,,,,,,,,,341139,33902,,22601,,,,297347,345176,,,,,,,,,,,,,,,,,,,,,,,,361116,,,,,,,,,,,,,,,,,,,,,,,,65892,,,,,,,,,,,,,,,,,,,79105,,,,,,,,,,,,,,,,,,,,,,,,,,,,,,,,,658264,,,48028,,483104,,,,118657,,,,,,,3
2020,4,D,,187219,35518,706293,,,,,,,,,228919,,,,,,,,,,,180811,36727,,19776,,,,460463,351834,,,,,,,,,,,,,,,,,,,,,,,,354459,,,,,,,,,,,,,,,,,,,,,,,,48924,,,,,,,,,,,,,,,,,,,129958,,,,,,,,,,,,,,,,,,,,,,,,,,,,,,,,,650496,,,55797,,312261,,,,170923,,,,,,,4
2020,5,D,,255661,96200,706293,,,,,,,,,150440,,,,,,,,,,,471844,27545,,62860,,,,128546,343078,,,,,,,,,,,,,,,,,,,,,,,,363215,,,,,,,,,,,,,,,,,,,,,,,,82841,,,,,,,,,,,,,,,,,,,62860,,,,,,,,,,,,,,,,,,,,,,,,,,,,,,,,,672391,,,33902,,394051,,,,200607,,,,,,,5
2020,6,D,,213777,183891,706292,,,,,,,,,133489,,,,,,,,,,,509237,36021,,86168,,,,59328,347616,,,,,,,,,,,,,,,,,,,,,,,,358676,,,,,,,,,,,,,,,,,,,,,,,,98248,,,,,,,,,,,,,,,,,,,43790,,,,,,,,,,,,,,,,,,,,,,,,,,,,,,,,,676628,,,29664,,553933,,,,87580,,,,,,,6
2020,7,D,,249383,41390,706293,,,,,,,,,110888,,,,,,,,,,,200607,365880,,33902,,,,93230,336276,,,,,,,,,,,,,,,,,,,,,,,,370017,,,,,,,,,,,,,,,,,,,,,,,,58924,,,,,,,,,,,,,,,,,,,135608,,,,,,,,,,,,,,,,,,,,,,,,,,,,,,,,,637076,,,69217,,291033,,,,231744,,,,,,,7
2020,8,D,,186251,68327,706292,,,,,,,,,175160,,,,,,,,,,,382830,48028,,112307,,,,151147,346809,,,,,,,,,,,,,,,,,,,,,,,,359483,,,,,,,,,,,,,,,,,,,,,,,,78942,,,,,,,,,,,,,,,,,,,59328,,,,,,,,,,,,,,,,,,,,,,,,,,,,,,,,,669565,,,36727,,509237,,,,79105,,,,,,,8
2020,9,D,,262045,107125,706293,,,,,,,,,163144,,,,,,,,,,,450615,57916,,72042,,,,112300,341847,,,,,,,,,,,,,,,,,,,,,,,,364446,,,,,,,,,,,,,,,,,,,,,,,,76842,,,,,,,,,,,,,,,,,,,69217,,,,,,,,,,,,,,,,,,,,,,,,,,,,,,,,,668153,,,38140,,412475,,,,175161,,,,,,,9
2020,10,D,,202402,114442,706292,,,,,,,,,139846,,,,,,,,,,,433483,62860,,66371,,,,128546,344671,,,,,,,,,,,,,,,,,,,,,,,,361621,,,,,,,,,,,,,,,,,,,,,,,,89421,,,,,,,,,,,,,,,,,,,55091,,,,,,,,,,,,,,,,,,,,,,,,,,,,,,,,,671677,,,34615,,502880,,,,59328,,,,,,,10
2020,11,D,,194557,112807,706293,,,,,,,,,94643,,,,,,,,,,,453500,87580,,34608,,,,118657,348122,,,,,,,,,,,,,,,,,,,,,,,,358171,,,,,,,,,,,,,,,,,,,,,,,,72842,,,,,,,,,,,,,,,,,,,64979,,,,,,,,,,,,,,,,,,,,,,,,,,,,,,,,,665328,,,40965,,528507,,,,29664,,,,,,,11
2020,12,R,,127577,194839,706292,,,,,,,,,19776,,,,,,,,,,,557224,100293,,8476,,,,26839,346809,,,,,,,,,,,,,,,,,,,,,,,,359483,,,,,,,,,,,,,,,,,,,,,,,,54892,,,,,,,,,,,,,,,,,,,100293,,,,,,,,,,,,,,,,,,,,,,,,,,,,,,,,,658264,,,48028,,504352,,,,8476,,,,,,,12
2020,13,R,,151648,181373,706293,,,,,,,,,29664,,,,,,,,,,,535570,92524,,26839,,,,36727,344671,,,,,,,,,,,,,,,,,,,,,,,,361622,,,,,,,,,,,,,,,,,,,,,,,,58924,,,,,,,,,,,,,,,,,,,90422,,,,,,,,,,,,,,,,,,,,,,,,,,,,,,,,,662503,,,43790,,486756,,,,12713,,,,,,,13
2020,14,D,,203209,197835,706292,,,,,,,,,83342,,,,,,,,,,,502880,55091,,27545,,,,108769,348808,,,,,,,,,,,,,,,,,,,,,,,,357484,,,,,,,,,,,,,,,,,,,,,,,,82842,,,,,,,,,,,,,,,,,,,59328,,,,,,,,,,,,,,,,,,,,,,,,,,,,,,,,,670271,,,36021,,552300,,,,24014,,,,,,,14
2020,15,R,,88559,244947,706293,,,,,,,,,14832,,,,,,,,,,,594679,62860,,9888,,,,22601,350481,,,,,,,,,,,,,,,,,,,,,,,,355812,,,,,,,,,,,,,,,,,,,,,,,,52842,,,,,,,,,,,,,,,,,,,97462,,,,,,,,,,,,,,,,,,,,,,,,,,,,,,,,,661090,,,45203,,511436,,,,5650,,,,,,,15
2020,16,R,,119313,218839,706292,,,,,,,,,33902,,,,,,,,,,,579826,36727,,12713,,,,62860,351833,,,,,,,,,,,,,,,,,,,,,,,,354459,,,,,,,,,,,,,,,,,,,,,,,,58924,,,,,,,,,,,,,,,,,,,79105,,,,,,,,,,,,,,,,,,,,,,,,,,,,,,,,,665327,,,40965,,528507,,,,8476,,,,,,,16
2020,17,D,,156011,143863,706293,,,,,,,,,27545,,,,,,,,,,,542433,79105,,14832,,,,55091,347456,,,,,,,,,,,,,,,,,,,,,,,,358837,,,,,,,,,,,,,,,,,,,,,,,,54892,,,,,,,,,,,,,,,,,,,87580,,,,,,,,,,,,,,,,,,,,,,,,,,,,,,,,,662503,,,43790,,493133,,,,9888,,,,,,,17
2022,1,D,,159142,78258,728550,728550.0,668905.0,1600.0,7081.0,26677.0,24287.0,728550.0,677586.0,50964,59645.0,18688.0,11269.0,3863.0,,,,,,,284667,351261,3461.0,16520,107.0,25061.0,47473.0,63990,346545,22939.0,23405.0,24107.0,14934.0,9071.0,5288.0,3719.0,15548.0,22957.0,22731.0,21283.0,20233.0,16882.0,24547.0,19453.0,8911.0,16111.0,7365.0,12040.0,14559.0,9439.0,5709.0,5314.0,382005,16830.0,21258.0,21437.0,16783.0,8657.0,3994.0,2997.0,15473.0,22076.0,22680.0,24294.0,23502.0,21619.0,28341.0,24209.0,11342.0,15450.0,9090.0,14038.0,21498.0,16051.0,9673.0,10713.0,64107,300665.0,29318.0,18059.0,10475.0,11569.0,12593.0,13784.0,11296.0,9611.0,8615.0,17302.0,24544.0,35417.0,30965.0,17794.0,24683.0,24640.0,718322.0,119176,502110.0,6865.0,59.0,499.0,0.0,0.0,179.0,658.0,334.0,1433.0,716.0,3895.0,3387.0,6202.0,8306.0,11644.0,116152.0,17122.0,39210.0,82408.0,43079.0,89859.0,50626.0,9896.0,9581.0,300665.0,179194.0,103666.0,75528.0,14292.0,61236.0,121471.0,360825,360646.0,330170.0,30476,300665.0,186351,114314.0,323059.0,229369.0,31922,753.0,10394.0,44603.0,300665.0,263931.0,25984.0,1
2022,10,D,,152566,89599,744016,744016.0,581895.0,2797.0,8499.0,78287.0,72538.0,744016.0,593191.0,150825,162121.0,44757.0,27734.0,16803.0,704757.0,483588.0,129435.0,1651.0,855.0,1143.0,458578,48449,8484.0,61198,761.0,63989.0,102557.0,178151,374906,20881.0,23661.0,26477.0,16304.0,13296.0,6061.0,5174.0,14759.0,22246.0,21120.0,22087.0,25037.0,22935.0,24072.0,27609.0,11679.0,13031.0,8374.0,11546.0,15568.0,10897.0,6336.0,5756.0,369110,18378.0,24048.0,22763.0,14692.0,10458.0,5476.0,3654.0,14657.0,20273.0,20583.0,23565.0,24227.0,20992.0,26322.0,26572.0,11291.0,14087.0,8407.0,10844.0,17461.0,13287.0,9731.0,7342.0,98057,276723.0,8957.0,5186.0,5756.0,7407.0,6399.0,6558.0,6388.0,10755.0,8073.0,16136.0,24272.0,35203.0,30387.0,21093.0,29200.0,54953.0,725245.0,57789,503277.0,12299.0,237.0,257.0,245.0,959.0,583.0,47.0,808.0,4067.0,1115.0,4505.0,3884.0,3907.0,3287.0,11222.0,84748.0,16584.0,28747.0,53118.0,33342.0,130335.0,73133.0,22046.0,13802.0,276723.0,195943.0,157402.0,38541.0,12138.0,26403.0,80780.0,404643,393649.0,381993.0,11656,276723.0,203383,73340.0,382537.0,287836.0,10716,1302.0,7190.0,70153.0,276723.0,257917.0,12494.0,10
2022,11,D,,149172,115069,766225,766225.0,630349.0,1660.0,7342.0,67065.0,59809.0,766225.0,639351.0,126874,135876.0,35454.0,32061.0,12665.0,723882.0,542619.0,96321.0,843.0,0.0,2378.0,500120,43916,3534.0,71963,1133.0,55256.0,90303.0,142858,379659,21945.0,22415.0,26880.0,17691.0,10211.0,5560.0,3137.0,15225.0,23777.0,21547.0,23586.0,30082.0,26038.0,25818.0,25425.0,12009.0,13316.0,7862.0,9987.0,16185.0,10220.0,6228.0,4515.0,386566,20398.0,24115.0,26362.0,18057.0,8837.0,5483.0,4743.0,14548.0,20533.0,21886.0,25256.0,27612.0,24702.0,27008.0,24172.0,10490.0,14539.0,8055.0,12260.0,17803.0,12295.0,9054.0,8358.0,99802,286430.0,10384.0,4832.0,5798.0,7049.0,6124.0,8329.0,7688.0,6444.0,8748.0,16028.0,24444.0,37711.0,31139.0,26066.0,35323.0,50323.0,758235.0,52055,520618.0,10856.0,132.0,55.0,0.0,67.0,427.0,510.0,348.0,4291.0,1085.0,4015.0,3006.0,4655.0,3997.0,9521.0,90489.0,15215.0,36684.0,61680.0,41073.0,143949.0,69806.0,9615.0,9142.0,286430.0,200183.0,159764.0,40419.0,12210.0,28209.0,86247.0,422501,422068.0,404214.0,17854,286430.0,217729,68701.0,397668.0,311801.0,9562,414.0,4281.0,66524.0,286430.0,270612.0,11076.0,11
2022,12,R,,72791,218379,748293,748293.0,727045.0,633.0,4585.0,7904.0,8126.0,748293.0,732263.0,16030,21248.0,7421.0,4018.0,599.0,,,,,,,652456,36299,761.0,6739,9.0,6359.0,45670.0,20938,376931,19097.0,22394.0,24852.0,15967.0,9300.0,4834.0,4736.0,14178.0,20757.0,23913.0,24291.0,25325.0,22403.0,24505.0,26906.0,8944.0,16716.0,11327.0,12672.0,18392.0,11631.0,7784.0,6007.0,371362,19722.0,22286.0,23570.0,13675.0,8861.0,4323.0,4431.0,12501.0,19094.0,20845.0,22456.0,23990.0,20004.0,23038.0,26584.0,9455.0,15792.0,9751.0,14084.0,20466.0,13513.0,11760.0,11161.0,62253,308822.0,18228.0,16267.0,11997.0,14076.0,13799.0,13809.0,12854.0,12928.0,11550.0,24335.0,30097.0,39996.0,29546.0,21089.0,21242.0,17009.0,719834.0,98092,523566.0,4184.0,0.0,29.0,13.0,353.0,117.0,245.0,406.0,1039.0,1061.0,5882.0,5134.0,6436.0,8964.0,7288.0,130642.0,28990.0,44731.0,74951.0,72632.0,79350.0,38741.0,7241.0,5137.0,308822.0,195935.0,149856.0,46079.0,15429.0,30650.0,112887.0,356810,353672.0,340545.0,13127,308822.0,228247,80575.0,335741.0,293287.0,957,1507.0,8046.0,28492.0,308822.0,269544.0,31592.0,12
2022,13,D,,141788,108646,739838,739838.0,688807.0,772.0,7266.0,18024.0,24969.0,739838.0,696845.0,42993,51031.0,26379.0,8325.0,1790.0,,,,,,,506980,129338,2757.0,30704,288.0,9731.0,60040.0,33259,364116,21681.0,20356.0,22997.0,11161.0,14052.0,7841.0,7273.0,22371.0,25340.0,25777.0,24859.0,19564.0,18957.0,19605.0,21496.0,9778.0,13793.0,9297.0,10656.0,15415.0,10755.0,5646.0,5446.0,375722,20350.0,17681.0,21402.0,11655.0,13180.0,7510.0,6573.0,20775.0,26010.0,24492.0,22984.0,21579.0,20748.0,19947.0,24576.0,9787.0,14030.0,9394.0,12313.0,19769.0,11833.0,9162.0,9972.0,59843,312597.0,28375.0,12728.0,12692.0,13951.0,13719.0,13280.0,12155.0,11851.0,11045.0,26869.0,33991.0,38947.0,25148.0,20758.0,17763.0,19325.0,710645.0,127182,492980.0,6265.0,28.0,0.0,81.0,0.0,44.0,35.0,61.0,572.0,638.0,1811.0,4567.0,5434.0,8718.0,7595.0,124586.0,21793.0,36368.0,65446.0,47788.0,91884.0,47512.0,9347.0,12407.0,312597.0,174491.0,122665.0,51826.0,14732.0,37094.0,138106.0,368106,367050.0,346378.0,20672,312597.0,200167,112430.0,341322.0,270693.0,8429,1776.0,11159.0,45963.0,312597.0,280903.0,20068.0,13
2022,14,D,,128141,108451,756472,756472.0,649856.0,1879.0,5038.0,53530.0,46169.0,756472.0,656773.0,99699,106616.0,27633.0,22694.0,9324.0,,,,,,,475307,72215,5273.0,37054,58.0,64816.0,101749.0,181793,382949,22120.0,25827.0,28031.0,18651.0,11621.0,7482.0,6439.0,18040.0,23655.0,28252.0,26688.0,25623.0,24566.0,26541.0,24396.0,8892.0,11365.0,6754.0,8850.0,12078.0,7794.0,5922.0,3362.0,373523,18551.0,23825.0,26378.0,16732.0,11158.0,5908.0,6352.0,14809.0,24086.0,23754.0,21546.0,27312.0,27611.0,25748.0,23882.0,8895.0,10144.0,7843.0,9650.0,14147.0,10558.0,8118.0,6516.0,86174,266940.0,12317.0,6367.0,5144.0,8670.0,6980.0,9297.0,9192.0,10044.0,6093.0,16486.0,26580.0,36376.0,32093.0,24246.0,27484.0,29571.0,741090.0,73378,494548.0,13549.0,85.0,159.0,91.0,98.0,1461.0,261.0,1259.0,6191.0,528.0,4310.0,3245.0,4044.0,6021.0,9651.0,115575.0,18420.0,36158.0,70758.0,44323.0,99165.0,48820.0,5560.0,4816.0,266940.0,192997.0,141068.0,51929.0,15825.0,36104.0,73943.0,400203,400121.0,385008.0,15113,266940.0,203680,63260.0,376895.0,316421.0,5018,505.0,4535.0,46316.0,266940.0,249466.0,12287.0,14
2022,15,R,,86396,213007,746507,746507.0,730987.0,773.0,2779.0,5984.0,5984.0,746507.0,734539.0,11968,15520.0,3684.0,2964.0,1058.0,,,,,,,678071,25300,1585.0,6156,24.0,5161.0,30210.0,19088,370993,18028.0,22463.0,23722.0,16537.0,8313.0,4427.0,4598.0,14420.0,21288.0,21367.0,25468.0,23643.0,22563.0,24388.0,21376.0,10745.0,17619.0,10309.0,13017.0,18699.0,12854.0,8214.0,6935.0,375514,18608.0,21867.0,23910.0,14851.0,8847.0,4116.0,5299.0,11083.0,17928.0,20043.0,25051.0,22104.0,21223.0,22384.0,23629.0,10225.0,17063.0,10545.0,13337.0,22220.0,16968.0,11721.0,12492.0,66614,309927.0,16798.0,12494.0,11895.0,12432.0,12406.0,14810.0,13058.0,12076.0,11124.0,23984.0,30651.0,42479.0,33212.0,21369.0,21110.0,20029.0,718278.0,80881,525418.0,3668.0,162.0,0.0,0.0,0.0,6.0,0.0,42.0,217.0,322.0,5839.0,4157.0,6982.0,8202.0,6285.0,160201.0,27953.0,42674.0,68718.0,55324.0,84155.0,37917.0,6521.0,6073.0,309927.0,195006.0,151462.0,43544.0,14052.0,29492.0,114921.0,361889,361142.0,349513.0,11629,309927.0,241021,68906.0,344714.0,300718.0,1535,1865.0,5165.0,31380.0,309927.0,276937.0,24896.0,15
2022,16,R,,100325,197621,745274,745274.0,712170.0,1530.0,3831.0,12477.0,15266.0,745274.0,717531.0,27743,33104.0,10046.0,6691.0,2688.0,,,,,,,640523,19433,1273.0,15744,103.0,12258.0,55940.0,50798,372941,18780.0,22850.0,28789.0,15946.0,7951.0,4523.0,4355.0,14418.0,19901.0,20007.0,24462.0,24363.0,22327.0,24061.0,23508.0,12441.0,13824.0,10306.0,12572.0,19575.0,13139.0,8068.0,6775.0,372333,19045.0,22687.0,24983.0,13509.0,6688.0,4058.0,3681.0,12508.0,20113.0,20084.0,26383.0,22044.0,21601.0,22639.0,23140.0,12096.0,15026.0,11481.0,13608.0,19233.0,15848.0,10574.0,11304.0,78393,306321.0,12675.0,7228.0,9097.0,9879.0,9954.0,10814.0,10793.0,12528.0,9474.0,23195.0,30765.0,40899.0,33950.0,27123.0,29965.0,27982.0,733632.0,60455,520503.0,3818.0,43.0,0.0,10.0,283.0,465.0,612.0,336.0,891.0,262.0,2742.0,3405.0,6228.0,5516.0,7783.0,130364.0,23413.0,43271.0,67862.0,55617.0,106455.0,45498.0,10207.0,5422.0,306321.0,207079.0,167942.0,39137.0,12032.0,27105.0,99242.0,374439,373135.0,359646.0,13489,306321.0,241518,64803.0,355421.0,304171.0,1045,812.0,6024.0,40665.0,306321.0,278126.0,20176.0,16
2022,17,D,,121186,111931,738355,738355.0,689562.0,1991.0,5541.0,17372.0,23889.0,738355.0,697094.0,41261,48793.0,16629.0,10201.0,5556.0,,,,,,,517182,89407,3630.0,16692,297.0,33524.0,77623.0,83848,367749,22338.0,22185.0,23507.0,14527.0,10710.0,6742.0,7382.0,16717.0,24591.0,24243.0,24127.0,21769.0,18813.0,22077.0,21975.0,10635.0,13538.0,8275.0,10635.0,18802.0,11226.0,7729.0,5206.0,370606,18174.0,21730.0,21143.0,12409.0,11987.0,6984.0,7460.0,17244.0,21929.0,24025.0,20729.0,19519.0,19796.0,21977.0,23157.0,10646.0,13940.0,10090.0,13311.0,20551.0,13554.0,9047.0,11204.0,56834,318644.0,23789.0,16989.0,12946.0,13519.0,13238.0,17208.0,15616.0,15487.0,11611.0,26024.0,32843.0,42844.0,28966.0,17151.0,17531.0,12882.0,703826.0,119120,497116.0,8118.0,42.0,78.0,209.0,243.0,965.0,199.0,229.0,1592.0,781.0,2445.0,5748.0,7205.0,9304.0,10587.0,129812.0,29060.0,46119.0,70898.0,50942.0,78547.0,32212.0,5820.0,5961.0,318644.0,180113.0,123195.0,56918.0,18283.0,38635.0,138531.0,367628,367301.0,349693.0,17608,318644.0,209270,109374.0,341330.0,284731.0,2798,898.0,9739.0,37440.0,318644.0,279296.0,26005.0,17
2022,2,D,,140414,68761,730809,730809.0,669798.0,2463.0,3664.0,25946.0,28938.0,730809.0,675925.0,54884,61011.0,14990.0,12585.0,6092.0,,,,,,,266521,334699,3053.0,9005,427.0,61185.0,55919.0,112074,348863,20278.0,20147.0,30866.0,14763.0,8490.0,4971.0,5024.0,14799.0,22075.0,22508.0,20064.0,19644.0,20314.0,20499.0,24168.0,9148.0,14563.0,8972.0,11649.0,15533.0,9724.0,5878.0,4786.0,381946,19373.0,23005.0,25141.0,16418.0,8946.0,4480.0,3656.0,15622.0,22206.0,24717.0,22318.0,22758.0,23296.0,22328.0,25628.0,10048.0,16879.0,9253.0,12757.0,18284.0,16000.0,9912.0,8921.0,57780,294779.0,23392.0,13909.0,14035.0,12889.0,13276.0,14174.0,10728.0,15482.0,10572.0,23459.0,29603.0,38267.0,25515.0,15588.0,17702.0,16188.0,716567.0,129895,494830.0,8027.0,0.0,0.0,363.0,219.0,867.0,554.0,966.0,5369.0,1198.0,6090.0,4324.0,5009.0,9569.0,9690.0,130205.0,24048.0,36563.0,88833.0,43138.0,69234.0,39611.0,6861.0,4092.0,294779.0,175258.0,100163.0,75095.0,17141.0,57954.0,119521.0,357619,357013.0,326275.0,30738,294779.0,186285,108494.0,319410.0,247931.0,15152,2344.0,8264.0,37464.0,294779.0,267512.0,19900.0,2
2022,3,D,,121764,55995,708538,708538.0,492760.0,17533.0,8936.0,91291.0,98018.0,708538.0,519229.0,189309,215778.0,53565.0,38411.0,24992.0,,,,,,,323012,36378,12704.0,56878,204.0,144889.0,134473.0,309369,359668,21403.0,17992.0,22969.0,15764.0,9489.0,5052.0,3300.0,17112.0,29142.0,28752.0,28385.0,26418.0,23873.0,22642.0,25157.0,8508.0,10826.0,7219.0,9078.0,12287.0,6770.0,3767.0,3763.0,348870,18901.0,18990.0,20714.0,14567.0,8152.0,4175.0,4008.0,13675.0,25087.0,29369.0,23831.0,26335.0,19449.0,22065.0,22382.0,9397.0,11080.0,7362.0,10318.0,15280.0,9362.0,7430.0,6941.0,78452,269269.0,14718.0,9102.0,7406.0,10222.0,7575.0,9075.0,9971.0,9099.0,9304.0,18758.0,23766.0,34349.0,28285.0,19766.0,26594.0,31279.0,698241.0,91055,492275.0,15420.0,178.0,107.0,205.0,1887.0,1879.0,1660.0,1522.0,11566.0,3275.0,9415.0,5313.0,5694.0,3851.0,14871.0,101892.0,15702.0,24339.0,50541.0,35975.0,121820.0,49296.0,10284.0,5583.0,269269.0,166964.0,119103.0,47861.0,15537.0,32324.0,102305.0,396157,395801.0,377620.0,18181,269269.0,153558,115711.0,371414.0,252099.0,37123,4997.0,8597.0,64300.0,269269.0,243006.0,18382.0,3
2022,4,D,,91036,37352,718854,718854.0,474990.0,4780.0,10246.0,111356.0,117482.0,718854.0,490016.0,228838,243864.0,38328.0,41345.0,37134.0,,,,,,,218767,36251,16490.0,32050,360.0,249632.0,165304.0,478972,361020,17727.0,23400.0,26243.0,18223.0,10416.0,4861.0,5563.0,17480.0,25811.0,24740.0,26804.0,22830.0,22961.0,25429.0,21172.0,9853.0,11640.0,6597.0,10469.0,12289.0,7568.0,5172.0,3772.0,357834,19523.0,22342.0,22573.0,15129.0,9560.0,3386.0,5169.0,19063.0,23960.0,23622.0,21058.0,22325.0,25040.0,22187.0,22852.0,9936.0,13462.0,7445.0,10841.0,12249.0,11630.0,6015.0,8467.0,69123,248910.0,12521.0,6809.0,9268.0,10475.0,12110.0,11431.0,7669.0,10942.0,8593.0,18211.0,26794.0,28624.0,28180.0,14415.0,19441.0,23427.0,707088.0,88975,478196.0,30328.0,0.0,406.0,270.0,1006.0,4665.0,3152.0,2721.0,21074.0,1463.0,9705.0,7618.0,6762.0,8305.0,19171.0,114069.0,21716.0,24652.0,51877.0,31480.0,73549.0,31697.0,8834.0,3676.0,248910.0,172001.0,114105.0,57896.0,18525.0,39371.0,76909.0,367253,367011.0,344372.0,22639,248910.0,156538,92372.0,337541.0,251804.0,27484,2140.0,8788.0,41880.0,248910.0,217514.0,23296.0,4
2022,5,D,,190999,79112,732819,732819.0,580298.0,2242.0,6871.0,90930.0,52478.0,732819.0,589411.0,143408,152521.0,41082.0,31621.0,4392.0,690903.0,498170.0,58431.0,4738.0,258.0,5063.0,524489,22200,3744.0,79896,0.0,33537.0,68953.0,97432,358804,19875.0,18733.0,16948.0,10148.0,5796.0,2052.0,1783.0,17433.0,35407.0,33919.0,31895.0,24743.0,23492.0,20657.0,21174.0,8691.0,13654.0,8488.0,9093.0,14126.0,7182.0,6125.0,7390.0,374015,22041.0,16728.0,19360.0,10059.0,5968.0,3667.0,4180.0,20210.0,35749.0,33788.0,29786.0,24254.0,18814.0,21792.0,19403.0,8624.0,13188.0,8073.0,11524.0,14151.0,13464.0,8847.0,10345.0,104191,333259.0,14822.0,7800.0,6815.0,8439.0,6322.0,9070.0,8662.0,7768.0,6721.0,14578.0,28775.0,40845.0,31842.0,26428.0,37982.0,76390.0,724321.0,54244,537838.0,7515.0,294.0,116.0,0.0,39.0,239.0,641.0,669.0,2497.0,711.0,3012.0,1349.0,2571.0,989.0,6410.0,60133.0,7796.0,18930.0,46723.0,27962.0,201086.0,108035.0,26737.0,13384.0,333259.0,169480.0,139841.0,29639.0,9722.0,19917.0,163779.0,437458,437458.0,426265.0,11193,333259.0,197640,135619.0,419021.0,210814.0,66552,4871.0,14825.0,115290.0,333259.0,313452.0,11075.0,5
2022,6,D,,150496,126351,737763,737763.0,617661.0,966.0,7515.0,72882.0,38739.0,737763.0,626142.0,111621,120102.0,29080.0,23514.0,7574.0,,,,,,,526731,39072,4138.0,41065,115.0,44887.0,81755.0,117264,361918,21434.0,20445.0,23461.0,13271.0,8389.0,4341.0,3432.0,13160.0,22518.0,26674.0,26720.0,24480.0,17873.0,24513.0,22573.0,10092.0,15377.0,9041.0,13368.0,16927.0,11035.0,6963.0,5831.0,375845,19436.0,24271.0,20235.0,15382.0,8141.0,1960.0,2727.0,10069.0,24190.0,21735.0,25767.0,23774.0,19421.0,23804.0,25577.0,9605.0,16812.0,11850.0,14706.0,19803.0,17226.0,8962.0,10392.0,95298,295163.0,10957.0,5258.0,6584.0,6378.0,9154.0,8440.0,8092.0,10505.0,9007.0,16830.0,23098.0,40962.0,34308.0,27722.0,34731.0,43137.0,730590.0,53123,527609.0,7151.0,282.0,86.0,0.0,0.0,657.0,231.0,192.0,3283.0,582.0,4081.0,2138.0,3279.0,2799.0,8407.0,103089.0,13746.0,33518.0,70346.0,43538.0,138175.0,68190.0,14877.0,8962.0,295163.0,194767.0,150663.0,44104.0,14963.0,29141.0,100396.0,393670,393545.0,377972.0,15573,295163.0,230260,64903.0,370349.0,280718.0,16588,519.0,4271.0,63701.0,295163.0,276618.0,13505.0,6
2022,7,D,,167650,0,758917,758917.0,634587.0,4991.0,5768.0,46210.0,67361.0,758917.0,645346.0,113571,124330.0,47521.0,25914.0,8253.0,,,,,,,242099,316388,5748.0,65082,748.0,56881.0,71971.0,128427,358906,22132.0,19120.0,22233.0,12444.0,10355.0,2571.0,2830.0,17384.0,36180.0,41020.0,29703.0,24611.0,23967.0,18491.0,18728.0,6078.0,10171.0,5073.0,6407.0,11516.0,11196.0,4028.0,2668.0,400011,24641.0,21229.0,23848.0,11491.0,9721.0,3292.0,3104.0,21786.0,44227.0,40947.0,30089.0,26227.0,21216.0,22245.0,18955.0,6435.0,12161.0,6925.0,9989.0,19386.0,11245.0,5144.0,5708.0,76365,335027.0,31740.0,19639.0,11879.0,12591.0,9751.0,9516.0,7392.0,12360.0,8508.0,17950.0,22907.0,35850.0,34272.0,20977.0,29183.0,50512.0,745118.0,139812,530736.0,9841.0,0.0,273.0,80.0,121.0,982.0,749.0,993.0,5047.0,1052.0,3787.0,5796.0,7048.0,9494.0,13505.0,89469.0,17100.0,27547.0,52864.0,28668.0,136627.0,79662.0,26947.0,13084.0,335027.0,166485.0,95972.0,70513.0,14208.0,56305.0,168542.0,418967,418803.0,390694.0,28109,335027.0,142487,192540.0,384828.0,179255.0,62244,5556.0,34717.0,96046.0,335027.0,295499.0,22792.0,7
2022,8,D,,117880,89335,749823,749823.0,531119.0,4444.0,7426.0,118061.0,88773.0,749823.0,542989.0,206834,218704.0,55726.0,51013.0,16264.0,712780.0,415294.0,135824.0,642.0,0.0,3592.0,418128,34361,7371.0,99441,2253.0,84373.0,103896.0,188087,376269,18174.0,23514.0,26005.0,18112.0,8142.0,3954.0,5761.0,15078.0,22940.0,25266.0,29149.0,26768.0,24008.0,29318.0,22688.0,8782.0,15977.0,9177.0,9724.0,14340.0,8935.0,5304.0,5153.0,373554,18869.0,21816.0,25299.0,12751.0,7341.0,3723.0,4776.0,14686.0,21515.0,23439.0,24268.0,27115.0,29090.0,23646.0,24573.0,9710.0,17300.0,8146.0,12285.0,16054.0,13506.0,7248.0,6398.0,91317,286073.0,10599.0,4746.0,6689.0,5762.0,6130.0,7189.0,9160.0,8152.0,7296.0,21743.0,26639.0,42186.0,35542.0,24923.0,34375.0,34942.0,743797.0,51391,521822.0,13140.0,0.0,262.0,0.0,400.0,1007.0,1059.0,1757.0,6530.0,1336.0,3246.0,3219.0,4659.0,3290.0,8487.0,107476.0,15359.0,34231.0,62519.0,43665.0,139097.0,56309.0,10396.0,4378.0,286073.0,198491.0,148239.0,50252.0,16775.0,33477.0,87582.0,432420,432040.0,415201.0,16839,286073.0,209137,76936.0,407522.0,331284.0,7567,642.0,3442.0,60419.0,286073.0,269392.0,12172.0,8
2022,9,D,,179615,70915,730979,730979.0,526219.0,2156.0,9326.0,121969.0,71309.0,730979.0,537701.0,193278,204760.0,59949.0,41843.0,8366.0,698440.0,447666.0,66656.0,5148.0,976.0,2562.0,449896,54757,2962.0,108724,465.0,40585.0,73590.0,93378,366798,17469.0,21095.0,21763.0,13218.0,9922.0,3557.0,3050.0,13541.0,23449.0,23483.0,27355.0,24502.0,28019.0,24236.0,26502.0,8424.0,12490.0,10375.0,12555.0,18875.0,11733.0,6010.0,5175.0,364181,15070.0,17462.0,19180.0,12684.0,9979.0,4192.0,5020.0,14380.0,21831.0,25649.0,26645.0,26004.0,24736.0,20792.0,24790.0,10101.0,12758.0,9087.0,14015.0,17542.0,11460.0,9164.0,11640.0,86692,306811.0,16500.0,9780.0,7590.0,7243.0,10840.0,10078.0,7678.0,9428.0,8884.0,17517.0,25940.0,40398.0,29009.0,20628.0,30940.0,54358.0,711190.0,73020,529397.0,11884.0,369.0,138.0,75.0,87.0,462.0,869.0,1511.0,4847.0,975.0,3754.0,2830.0,3594.0,4237.0,7095.0,71185.0,13006.0,18706.0,52044.0,33352.0,169703.0,90948.0,22435.0,15291.0,306811.0,173536.0,137391.0,36145.0,11278.0,24867.0,133275.0,408166,408166.0,388248.0,19918,306811.0,185041,121770.0,382994.0,227977.0,41222,4189.0,13474.0,89145.0,306811.0,282906.0,12617.0,9
