District,Total_Population,Total_Pop_Citizenship,US_Born_Citizen,US_Territory_Born_Citizen,US_Born_Abroad_Citizen,Naturalized_Citizen,Non_Citizen,Total_Pop_Birth,Native_Born,Foreign_Born,Total_Foreign_Born,Entered_2010_Later,Entered_2000_2009,Entered_Before_2000,Pop_5Years_Over,English_Only,Spanish_Speaker,Indo_European_Lang,Asian_Pacific_Lang,Other_Languages,White_Alone,Black_Alone,Native_American_Alone,Asian_Alone,Pacific_Islander_Alone,Other_Race_Alone,Two_Or_More_Races,Hispanic_Latino,Total_Male,Male_Under_5,Male_5_9,Male_10_14,Male_15_17,Male_18_19,Male_20,Male_21,Male_22_24,Male_25_29,Male_30_34,Male_35_39,Male_40_44,Male_45_49,Male_50_54,Male_55_59,Male_60_61,Male_62_64,Male_65_66,Male_67_69,Male_70_74,Male_75_79,Male_80_84,Male_85_Over,Total_Female,Female_Under_5,Female_5_9,Female_10_14,Female_15_17,Female_18_19,Female_20,Female_21,Female_22_24,Female_25_29,Female_30_34,Female_35_39,Female_40_44,Female_45_49,Female_50_54,Female_55_59,Female_60_61,Female_62_64,Female_65_66,Female_67_69,Female_70_74,Female_75_79,Female_80_84,Female_85_Over,Median_Household_Income,Total_Households_Income,Income_Less_10000,Income_10000_14999,Income_15000_19999,Income_20000_24999,Income_25000_29999,Income_30000_34999,Income_35000_39999,Income_40000_44999,Income_45000_49999,Income_50000_59999,Income_60000_74999,Income_75000_99999,Income_100000_124999,Income_125000_149999,Income_150000_199999,Income_200000_Plus,Total_Pop_Poverty,Below_Poverty_Level,Pop_25_Over,No_Schooling,Nursery_School,Kindergarten,Grade_1,Grade_2,Grade_3,Grade_4,Grade_5,Grade_6,Grade_7,Grade_8,Grade_9,Grade_10,Grade_11,Grade_12_No_Diploma,High_School_Diploma,GED,Some_College_Less_1yr,Some_College_1yr_Plus,Associates_Degree,Bachelors_Degree,Masters_Degree,Professional_Degree,Doctorate_Degree,Total_Households,Family_Households,Married_Couple_Family,Other_Family,Nonfamily_Households,Living_Alone,Not_Living_Alone,In_Labor_Force,Civilian_Labor_Force,Employed,Unemployed,Total_Housing_Units,Owner_Occupied,Renter_Occupied,Workers_16_Over,Commute_Car,Commute_Public_Transit,Commute_Bicycle,Commute_Walk,Work_From_Home,Total_Households_Internet,Has_Internet,No_Internet,Year,Dist_clean
"Congressional District 12 (114th Congress), Illinois: Summary level: 500, state:17> congressional district:12",701698,701698,681965,363,5106,7232,7032,701698,687434,14264,19733,2725,4212,838,,,,,,,553900,117807,967,7691,129,4746,16458,24148,344942,21573,23706,20299,12502,10000,4879,5443,15330,24249,22473,22113,21276,22689,25621,27542,7445,11463,6130,9354,12016,7940,5973,4926,356756,20249,22141,21523,13497,9276,4272,5880,13614,23010,22687,19057,22153,21744,28026,24700,9089,13466,7414,10070,14454,11255,9935,9244,44940,273446,29825,16674,16569,15582,15077,15278,14789,13055,10544,21010,25576,32983,20907,10615,9292,5670,678819,130391,477514,3825,113,107,399,0,330,165,599,1141,930,7702,7382,10342,14253,7124,123343,30920,37232,82831,48679,60255,31415,5102,3325,273446,172317,122889,49428,11132,38296,101129,328538,325203,299712,25491,273446,180140,93306,297472,268744,8475,351,6366,10371,273446,183963,9066,2014,12
"Congressional District 15 (114th Congress), Illinois: Summary level: 500, state:17> congressional district:15",705504,705504,690536,163,3723,5474,5608,705504,694422,11082,14968,1747,3454,1029,,,,,,,657420,30309,1571,4373,496,2608,8727,17191,354656,21411,22827,24555,13777,9555,4815,5024,13547,22143,22099,20326,22452,22594,26330,25971,9508,13357,7591,10368,13118,10764,7011,5513,350848,19340,19326,23474,14176,9142,4322,5134,12775,18780,21269,20861,18388,20754,25373,27101,9519,12971,9237,9749,15191,12201,9631,12134,48615,274400,20844,16289,16430,16078,14656,16482,13852,12892,13606,25236,30334,33217,19427,9120,10272,5665,676618,102509,482304,3158,30,0,112,78,571,39,442,1223,1053,13127,5059,11337,10859,7157,141501,31422,42092,71229,53831,59820,23731,2529,1904,274400,181872,138096,43776,14650,29126,92528,343478,343345,316851,26494,274400,203266,71134,310340,284025,2193,1116,8508,11975,274400,190389,17014,2014,15
"Congressional District 17 (114th Congress), Illinois: Summary level: 500, state:17> congressional district:17",701014,701014,660720,1871,3360,14807,20256,701014,665951,35063,40294,5520,11398,5156,,,,,,,572850,77981,1634,7575,274,18583,22117,64773,346308,21819,25152,22251,14481,10593,5823,5166,13033,19929,21876,21134,21460,21470,22698,22676,9757,13840,7942,9558,14112,8749,7645,5144,354706,21236,21007,20528,13278,10377,4806,5727,12318,21518,19823,21266,21028,21260,24216,25035,9526,13909,8172,11715,15528,11783,9865,10785,44735,280965,25557,17006,17481,19657,17941,15705,15214,12571,14683,24183,28076,32457,19015,7760,8418,5241,675662,122839,473419,4680,57,34,201,182,417,260,669,2880,1451,8562,6977,11092,12981,8637,137057,28052,43350,74402,44402,57361,22127,5263,2325,280965,174216,122161,52055,13678,38377,106749,341981,341678,312079,29599,280965,185192,95773,307037,277328,5511,1762,8419,10071,280965,194532,9980,2014,17
"Congressional District 1 (114th Congress), Illinois: Summary level: 500, state:17> congressional district:01",717741,717741,667970,0,2710,24112,22949,717741,670680,47061,49771,6258,10930,6316,,,,,,,294595,366890,1311,11326,159,28719,14741,71357,338726,22190,21944,25737,16191,9380,7969,5285,13938,23723,20557,19239,21053,21223,25793,24209,7689,10837,6495,7319,10529,7618,5029,4779,379015,20268,22137,21557,16439,11931,5023,4217,15889,25765,23133,21719,23836,23729,28456,26043,12591,12992,8858,10750,14629,9824,9190,10039,48557,265021,29800,15749,13865,17461,12248,14069,11787,10961,9502,21415,24664,31239,17898,12680,12773,8910,706434,142235,477646,4080,0,38,273,991,557,886,339,4041,700,6289,3230,9912,12643,9821,120473,16369,30589,83274,40682,77768,41082,7421,6188,265021,167021,92796,74225,18065,56160,98000,352410,352309,303773,48536,265021,157573,107448,295279,221372,49515,729,10264,10628,265021,176524,4797,2014,1
"Congressional District 3 (114th Congress), Illinois: Summary level: 500, state:17> congressional district:03",730269,730269,564571,4008,4605,84669,72416,730269,573184,157085,165698,10241,38680,25462,,,,,,,560358,30458,2240,33988,50,89349,13826,227032,357355,23507,24305,24017,15405,9704,4361,4931,15047,22948,26305,24071,26077,24873,23863,26269,8205,11374,6118,9470,10583,6547,5220,4155,372914,23226,23883,23954,14853,11271,4247,4498,15713,24357,22598,27463,22700,24416,26071,25673,8739,11650,7998,10294,12757,9014,7413,10126,60637,245112,12940,9270,10315,12807,11857,13062,10482,11024,9068,19949,27676,31989,23348,14059,14747,12519,719096,91794,487347,8295,38,0,755,740,2335,1883,2621,10601,2247,9369,6455,8346,8671,11851,132273,17992,27897,70457,36598,80938,35385,6475,5125,245112,174503,128013,46490,15265,31225,70609,371594,371466,341079,30387,245112,181768,63344,334233,280551,33553,1519,6836,10222,245112,186133,3763,2014,3
"Congressional District 4 (114th Congress), Illinois: Summary level: 500, state:17> congressional district:04",725616,725616,451535,19589,7073,82699,164720,725616,478197,247419,274081,15479,60247,62399,,,,,,,424266,34949,3337,24366,329,219819,18550,512282,366843,27473,27928,25957,14782,11175,4685,5662,17622,34979,35198,29554,25142,22534,20845,19209,7660,8165,4987,5535,6457,5120,3188,2986,358773,26310,30485,25479,15684,9181,5228,4838,15708,31845,30798,27845,23809,20445,20114,17823,8129,9310,5402,6104,7439,7060,4580,5157,43947,223752,17432,12251,14690,17044,13098,14492,12806,12137,9105,18682,23322,22123,15989,7971,7487,5123,719860,159223,457419,14455,64,0,1282,2602,6115,5102,4062,38125,4090,15759,15546,11641,11571,11092,102748,16899,16524,56231,24739,68530,22264,4240,3738,223752,153271,94770,58501,19750,38751,70481,372769,372555,338812,33743,223752,99708,124044,333292,230632,70183,6223,11485,9405,223752,149732,4211,2014,4
"Congressional District 5 (114th Congress), Illinois: Summary level: 500, state:17> congressional district:05",717666,717666,556711,4650,6733,84938,64634,717666,568094,149572,160955,13835,39927,15957,668646.0,451784.0,98255.0,2486.0,202.0,4740.0,585330,19244,1103,46674,45,42256,23014,136482,352720,25467,18271,17836,8854,6614,3234,4040,15976,41320,35684,28570,24694,24020,23476,21655,6486,9859,4923,7362,9023,5483,5574,4299,364946,23553,18873,16230,9087,6266,4115,4298,19923,41333,38423,30396,21553,23345,20856,21362,7635,9481,5462,7760,9965,8392,8833,7805,71833,294812,14134,9849,12125,12414,10329,9777,10482,11276,10513,22083,29419,37474,29684,19137,23221,32895,706823,73426,515029,6171,0,0,0,34,733,480,1794,6939,1163,6267,3431,4880,3828,8473,85521,9186,21947,56701,24801,167261,73736,22541,9142,294812,155932,122033,33899,10662,23237,138880,434335,434270,411098,23172,294812,160200,134612,403087,242059,109898,7567,15970,21918,294812,242552,4223,2014,5
"Congressional District 6 (114th Congress), Illinois: Summary level: 500, state:17> congressional district:06",734700,734700,615837,1087,6450,68281,43045,734700,623374,111326,118863,9992,27102,9456,695855.0,550964.0,48466.0,1326.0,21.0,4371.0,613230,20728,991,70142,144,17108,12357,69549,363479,20255,24885,29432,17410,9719,3474,3323,12625,19004,22403,21692,24645,28054,30024,28025,10392,12480,8680,8170,12909,6307,4908,4663,371221,18590,23664,23449,15429,9152,3478,3250,12625,19873,22678,21348,24465,28321,35672,28886,11206,12259,8014,9248,14290,10492,7312,7520,88574,265609,7555,4873,6169,7127,6684,9578,8056,9645,9571,15788,25879,35731,32756,21326,26524,38347,725399,41522,503940,3044,0,0,145,105,1111,228,813,2396,494,3568,2315,4086,3331,6692,78959,7769,30679,63998,38076,155077,77422,15032,8600,265609,195592,167080,28512,8777,19735,70017,404159,404081,384376,19705,265609,211921,53688,378574,322502,24943,1095,4690,22868,265609,234564,3333,2014,6
"Congressional District 7 (114th Congress), Illinois: Summary level: 500, state:17> congressional district:07",727478,727478,616880,3957,7774,43774,55093,727478,628611,98867,110598,17924,25755,12777,679965.0,529667.0,86369.0,2422.0,277.0,1231.0,243309,361907,1434,53829,351,52007,14641,107665,349002,23379,21792,21077,12364,9772,6747,7084,18239,35780,33605,25533,21408,21191,20420,19810,7037,9379,6677,7076,8842,5711,3752,2327,378476,24134,21005,20831,9761,10899,5803,4797,22084,36882,36182,24268,24808,22746,22348,22806,8154,11660,7583,9228,11130,8576,6079,6712,51311,286948,37766,18942,16624,14013,12750,11150,9422,11047,8302,18919,23946,30255,21765,12454,16602,22991,701411,175385,487710,6387,40,164,240,359,1143,1258,1362,6791,1770,9036,7796,13662,18749,8962,87747,14318,20655,68977,26351,103260,53080,24097,11506,286948,149759,79551,70208,14660,55548,137189,373037,372723,326080,46643,286948,120948,166000,319777,172071,79075,4059,40270,16447,286948,201801,4280,2014,7
"Congressional District 8 (114th Congress), Illinois: Summary level: 500, state:17> congressional district:08",725320,725320,504057,2882,7164,93878,117339,725320,514103,211217,221263,26134,57206,35924,676741.0,380407.0,161374.0,691.0,66.0,6352.0,493417,29460,3370,96353,548,84773,17399,207517,362678,25338,22966,25519,15624,8699,5424,4594,15943,26971,29469,29514,25270,24065,24906,23026,8630,10567,6146,6843,10049,5948,4565,2602,362642,23241,22982,24342,13178,7326,3575,5065,11641,23763,28700,24407,26597,25257,25588,24357,9645,11606,5789,10320,13194,8323,6996,6750,64560,253238,9593,7744,9035,9807,11292,11245,11141,13357,12671,20982,28559,41192,24995,14434,15847,11344,720530,73080,489863,9682,53,172,300,986,1802,991,933,13952,1792,5977,7961,6600,7370,13306,109746,11896,29863,68153,38878,105757,43796,6390,3507,253238,177394,135636,41758,12752,29006,75844,406691,406691,376060,30631,253238,167653,85585,369680,335902,12355,1066,4933,12355,253238,210683,2691,2014,8
"Congressional District 9 (114th Congress), Illinois: Summary level: 500, state:17> congressional district:09",710295,710295,517718,1688,6967,116260,67662,710295,526373,183922,192577,24473,48355,14413,670967.0,436802.0,59988.0,2692.0,1049.0,3345.0,514862,65233,792,94167,201,17813,17227,76977,345265,19822,20494,23757,12052,7935,4768,3551,11666,26970,24158,25180,24059,24827,25501,23545,7662,12840,6940,8455,11173,7691,5551,6668,365030,19506,20167,19090,12714,7850,3927,3525,13766,27064,24981,25649,23855,23728,26112,22759,9506,14365,7167,10231,14374,13381,8548,12765,64804,280810,19836,11588,13936,13456,10046,11164,12055,10746,9332,20572,22559,36166,26452,15653,19423,27826,690725,75876,505705,6841,64,0,230,315,277,641,689,4417,1000,4700,2732,6879,4628,6037,82009,9053,23278,58066,26845,152893,81095,22456,10560,280810,163055,130601,32454,9500,22954,117755,380868,380560,355184,25376,280810,168106,112704,347938,228529,75443,3960,14193,21582,280810,229722,2567,2014,9
"Congressional District 10 (114th Congress), Illinois: Summary level: 500, state:17> congressional district:10",711698,711698,525830,3091,6158,90723,85896,711698,535079,176619,185868,18360,45787,23158,667019.0,424899.0,131680.0,2157.0,636.0,1348.0,549483,46338,1411,71393,998,23779,18296,165373,352997,22722,23204,29398,15499,12177,4900,5371,14047,22097,21159,19834,27102,23435,25609,24672,9120,11071,6353,8384,9773,6619,4440,6011,358701,21957,23551,26486,15362,9892,3471,3842,12912,19842,21627,21427,26192,25978,27175,25661,8547,11778,6734,8367,12387,8171,6664,10678,74174,244599,11682,7617,9068,10155,7785,8634,7986,9846,9444,18368,22709,29819,23092,15369,22294,30731,690760,67650,466907,6458,0,105,0,598,1105,1009,1115,8292,1653,5820,6255,8822,5382,6396,86996,15478,22441,56206,27453,117718,61051,17344,9210,244599,177677,140747,36930,10138,26792,66922,374562,363593,341097,22496,244599,172120,72479,346777,289613,18120,639,13030,21612,244599,206915,3370,2014,10
"Congressional District 11 (114th Congress), Illinois: Summary level: 500, state:17> congressional district:11",712657,712657,574317,3999,4039,59715,70587,712657,582355,130302,138340,8881,40164,21176,,,,,,,452899,85268,2120,48924,0,98627,24819,189727,346260,24586,27001,25612,17503,10032,5222,4631,15317,22564,24289,28832,22570,24235,24708,20571,7796,10880,5329,5432,7595,5063,3537,2955,366397,24939,30257,26227,15084,9084,5009,5781,15123,23635,25470,28282,27522,24147,24409,23491,8675,10071,5953,6777,9466,6595,4935,5465,67898,236716,10173,6597,8343,9387,8895,10385,10261,10613,10618,18096,24825,33048,27573,16790,16858,14254,701878,77951,451249,5104,0,23,0,484,2208,1330,1602,10129,2175,6277,8835,5675,6512,11155,90901,14595,28577,63783,34112,94196,50411,7556,5609,236716,172998,130617,42381,11103,31278,63718,382978,382888,356893,25995,236716,166564,70152,349008,311846,13938,536,4417,15039,236716,197080,3815,2014,11
"Congressional District 13 (114th Congress), Illinois: Summary level: 500, state:17> congressional district:13",715374,715374,676000,1398,4587,11373,22016,715374,681985,33389,39374,11766,10355,1618,,,,,,,581452,83759,1325,25075,483,4526,18754,24401,348182,20142,20390,21173,12174,14996,9110,8952,21663,23677,23995,19518,21605,18976,22434,21980,8679,11822,7459,8344,11765,9109,5477,4742,367192,19659,20911,20287,12460,16571,8335,10118,20296,23055,22057,19573,22207,21345,22818,25674,8171,12905,9166,8896,13005,11376,8085,10222,47026,285134,28087,17218,15030,17602,15402,16053,13839,13393,13538,21405,28888,35855,19651,11317,9735,8121,673352,128632,458137,3500,70,0,0,31,120,277,292,1207,788,6638,5469,7862,9215,5248,117888,23615,36203,64787,38266,83920,37784,6316,8641,285134,165450,122088,43362,11610,31752,119684,365636,365366,340076,25290,285134,182145,102989,334286,285463,14792,3282,14170,13925,285134,212745,9362,2014,13
"Congressional District 14 (114th Congress), Illinois: Summary level: 500, state:17> congressional district:14",725522,725522,650571,1439,4368,40376,28768,725522,656378,69144,74951,4807,17368,9349,,,,,,,634856,21684,672,33777,0,19500,15033,86274,361138,20008,25599,30593,19985,10412,4372,5203,12463,17417,19333,22464,27668,29931,29708,25619,8419,12003,7917,7679,10694,7962,3158,2531,364384,20181,26940,27290,18054,7508,4765,4921,9919,16024,20505,22610,28774,30651,27515,27931,9498,10361,7139,10131,13158,7455,5597,7457,86124,252091,7647,5323,7243,8242,7134,9368,7412,8178,7054,17381,24746,38350,32899,20408,27889,22817,720614,41369,477309,3232,0,72,264,151,437,644,710,3479,314,3757,2840,3745,4768,5987,97732,12079,34428,73384,41853,120973,51634,8433,6393,252091,188890,157013,31877,11027,20850,63201,396306,396172,375522,20650,252091,203537,48554,369322,325421,11829,769,3715,23418,252091,221169,6345,2014,14
"Congressional District 16 (114th Congress), Illinois: Summary level: 500, state:17> congressional district:16",699582,699582,661428,806,3367,16889,17092,699582,665601,33981,38154,5009,8389,4300,,,,,,,633351,27848,1056,10150,915,14312,11950,58526,344125,18943,21072,22673,14346,10126,4890,5515,14879,20616,21005,19982,21526,23790,26815,24287,9820,12699,7259,10930,12407,8934,5624,5987,355457,20173,20994,23463,15033,10366,5132,4918,13333,18785,20790,19678,20874,22159,27080,26068,9122,12728,8121,10893,14719,11109,9197,10722,54155,268332,17077,12777,13683,14601,10952,15161,12549,13582,12369,22967,28667,36031,24343,13564,12792,7217,678296,83167,473726,3894,0,139,0,373,477,198,987,1913,786,5476,5129,8177,10131,7304,139244,24025,44780,72451,44917,64496,29630,5820,3379,268332,177295,137117,40178,11451,28727,91037,359347,359053,328771,30282,268332,192945,75387,320887,296601,3378,1008,5329,11857,268332,207085,14299,2014,16
"Congressional District 18 (114th Congress), Illinois: Summary level: 500, state:17> congressional district:18",710629,710629,682371,147,3193,11252,13666,710629,685711,24918,28258,6085,8103,1774,,,,,,,649094,24218,919,18477,662,4663,12596,19063,354054,21280,21753,24311,14846,10599,4449,5193,15000,21429,22603,21386,21016,22262,26950,25257,10297,13252,7956,9899,12861,9428,6270,5757,356575,18309,20374,24317,12001,8331,4062,5576,14766,18943,22194,20485,22178,22905,26432,25112,9954,13474,8811,9747,15096,11551,9120,12837,58821,282923,14573,13353,12815,12110,13374,14798,13534,13215,11549,24747,32929,37412,26713,15904,14336,11561,688014,70713,485462,1472,153,79,261,0,109,86,123,540,652,4882,3588,6665,8019,5858,129456,19739,41867,63785,43044,101830,39927,7199,6128,282923,184523,150164,34359,10676,23683,98400,365306,364816,343998,20818,282923,212767,70156,339150,313915,1543,969,7566,11786,282923,215641,11965,2014,18
"Congressional District 2 (114th Congress), Illinois: Summary level: 500, state:17> congressional district:02",707817,707817,654620,1111,2914,25580,23592,707817,658645,49172,53197,3991,10637,7373,,,,,,,275773,393634,1742,5174,41,20391,11062,93169,331875,22820,21740,26933,15023,10202,4187,4680,14294,20018,21492,19323,20521,22665,25364,22461,8461,9327,7544,8262,9750,6550,5709,4549,375942,21520,24569,21341,17407,8390,4754,5758,15809,22594,22926,21435,25381,24550,29354,29330,9956,15362,8506,9969,11820,9759,7249,8203,45505,258513,31776,14811,16222,14125,11663,14429,12653,12331,10893,20516,24915,29533,19032,10944,8966,5704,697557,146773,468390,6520,0,0,130,434,961,975,1056,4899,2534,6602,5885,7720,12270,9956,122170,16510,35220,91413,36845,64969,33296,3963,4062,258513,167419,97926,69493,12632,56861,91094,345440,345097,291968,53129,258513,159102,99411,286972,234027,33394,570,6253,8904,258513,172348,7312,2014,2
"Congressional District 3 (115th Congress), Illinois: Summary level: 500, state:17> congressional district:03",720930,720930,560901,2917,5797,79672,71643,720930,569615,151315,160029,15417,37112,19795,,,,,,,529893,38014,2277,30281,170,104678,15617,238646,361574,21776,25887,27954,15848,9940,5068,3713,14523,25699,24634,23628,22010,26184,24864,25517,10666,12162,6623,9919,10486,5244,5574,3655,359356,22281,22520,26856,11703,8139,3276,3872,15310,23660,22143,23414,21018,23004,27210,23749,10834,13846,8230,10708,13550,9229,7332,7472,66270,244418,12548,8043,10306,11238,11300,12118,12151,10174,7081,15782,27111,34695,23131,15957,17701,15082,709207,73063,482264,9723,89,50,327,936,1578,891,1622,9284,2615,8447,5894,7847,8364,10670,130205,16463,29183,71049,37157,87308,32533,7010,3019,244418,171013,128456,42557,14630,27927,73405,364737,364688,338513,26175,244418,179263,65155,329230,273158,36243,1647,7942,7724,244418,205944,32615,2016,3
"Congressional District 5 (115th Congress), Illinois: Summary level: 500, state:17> congressional district:05",723373,723373,549170,6107,8644,90101,69351,723373,563921,159452,174203,29342,34408,15602,677059.0,446772.0,99935.0,3971.0,46.0,6665.0,593685,18194,1552,50171,406,34357,25008,139326,356625,24219,19303,18107,8156,6335,4621,5090,18109,39944,38166,31535,22528,23587,20348,20936,7256,9675,4737,8744,10205,5833,4583,4608,366748,22095,18136,15116,8358,6476,4663,3814,18537,44830,37694,28185,23373,22922,20302,19655,8684,12052,6938,9674,11247,8423,5775,9799,80269,297889,14890,8658,9194,11047,9180,10959,9311,9167,10842,20849,26633,39049,32726,17874,27942,39568,713243,58849,522238,7215,0,34,181,121,1267,502,1320,5359,963,6116,2319,3639,3415,8071,80496,10478,18221,56643,30279,174745,78361,24523,7970,297889,155918,123734,32184,11135,21049,141971,440619,440426,424109,16317,297889,163072,134817,417034,244617,118756,6441,16892,23862,297889,255767,34983,2016,5
"Congressional District 8 (115th Congress), Illinois: Summary level: 500, state:17> congressional district:08",717789,717789,506357,3580,5585,94746,107521,717789,515522,202267,211432,34069,55767,28979,672198.0,380057.0,160367.0,1431.0,0.0,5298.0,465992,33339,2737,92202,169,102625,20725,210817,362008,23180,28083,22821,15504,8386,3724,4983,14025,27105,25704,26025,27017,24809,25062,24223,8186,12826,7339,8349,10002,5823,5020,3812,355781,22411,24297,22667,14613,7268,3135,3217,11705,24590,26311,26732,25223,22821,24525,21604,10140,13815,6644,8787,12257,8737,6862,7420,67745,253677,11806,7352,8817,10151,10222,11911,9868,10462,8101,22017,27203,38934,29603,16784,17680,12766,712250,80916,487770,8628,208,111,351,444,2457,1764,2669,10834,1720,10403,5543,6271,7290,9777,114277,12781,28223,71370,33721,106702,43001,6147,3078,253677,175620,129832,45788,14230,31558,78057,393589,393346,373713,19633,253677,167872,85805,367188,328039,12576,1042,5714,14813,253677,220221,28406,2016,8
"Congressional District 10 (115th Congress), Illinois: Summary level: 500, state:17> congressional district:10",710610,710610,527761,2292,6246,84537,89774,710610,536299,174311,182849,28650,45850,24048,664549.0,427168.0,124452.0,2247.0,462.0,1241.0,505898,48352,1274,80123,310,56158,18495,159809,351902,23080,22837,25739,15352,11016,5642,4718,15958,22652,23569,22456,24283,23950,23771,21587,9601,11497,7130,9326,11253,7561,3956,4968,358708,22981,22331,24353,17187,8769,4196,4199,14280,17186,22346,20569,25944,25154,24731,26012,10750,11533,6987,11402,11474,8299,7686,10339,74971,251252,11746,7660,8431,10527,7790,10431,9486,10022,8103,17742,23731,31065,24065,15533,21964,32956,691674,62028,467972,6307,143,243,90,503,1210,1479,2046,7630,1677,5833,5175,5159,5615,6647,89920,10274,25722,57023,29108,117347,63883,17155,7783,251252,177378,140375,37003,9966,27037,73874,383566,373464,353897,19567,251252,174621,76631,358154,304752,16244,1307,10063,22998,251252,219223,26699,2016,10
"Congressional District 13 (115th Congress), Illinois: Summary level: 500, state:17> congressional district:13",704699,704699,665226,267,3780,11900,23526,704699,669273,35426,39473,16503,8597,2110,,,,,,,573421,77940,1376,27069,370,3212,21311,23987,348787,19375,20403,19243,11872,15501,8672,7513,21847,25577,22153,20840,19798,20766,22834,22471,10208,12610,6782,9136,11812,8933,5514,4927,355912,18184,18849,18070,11669,16356,9169,7821,17867,24955,21649,19525,18921,20452,21777,23761,9455,14661,8426,10150,13927,9841,8294,12133,49758,283971,26692,14822,14456,16561,15033,15082,13796,15000,11011,22910,26888,34051,22196,13235,11764,10474,665081,112585,462288,2793,0,30,15,28,48,194,150,232,604,5590,4201,7646,8156,5525,118064,20511,38454,68197,42057,81266,38825,9208,10494,283971,165804,120954,44850,13049,31801,118167,358101,357617,337195,20422,283971,183057,100914,332721,285761,11009,3859,14098,13843,283971,229017,42263,2016,13
"Congressional District 15 (115th Congress), Illinois: Summary level: 500, state:17> congressional district:15",700549,700549,685751,418,2690,5233,6457,700549,688859,11690,14798,2409,2920,1398,,,,,,,648770,31367,1693,4540,251,3811,10117,18784,347422,20765,23841,21567,13724,8989,2992,4275,13202,23693,21774,22457,20498,21792,23680,23491,10050,14437,8274,11418,13469,9585,7783,5666,353127,20590,22535,22418,13346,8557,4598,3904,11608,21271,19178,21330,21034,20289,24136,25341,9130,14287,7712,12436,15304,12603,8579,12941,49927,275299,21027,14887,16238,16847,12904,15879,14154,13690,12182,21126,29394,38013,21462,11488,9535,6473,673463,95351,483638,3215,10,274,77,22,177,355,238,1417,1115,10893,5224,11206,10850,5252,136935,27934,40413,74706,55646,63579,28169,3557,2374,275299,179339,139120,40219,11260,28959,95960,331918,331648,313288,18360,275299,206981,68318,307415,280690,1562,1015,6959,14664,275299,210333,57439,2016,15
"Congressional District 18 (115th Congress), Illinois: Summary level: 500, state:17> congressional district:18",713402,713402,681209,571,2916,11469,17237,713402,684696,28706,32193,8700,8854,1525,,,,,,,647359,29237,1599,18309,60,4098,12740,20093,351634,19353,23843,22714,14726,10391,4136,4115,13350,22086,20843,22370,22349,22542,24336,24862,9529,13415,8806,11194,13859,9474,7431,5910,361768,20578,21242,21748,14880,9771,4559,3601,13210,19546,20390,23500,21666,22452,24967,25116,10029,13997,8461,12276,16278,12330,8266,12905,60857,283990,13537,10680,11859,12893,13774,12514,12155,14212,12672,25479,29185,39960,27953,15519,17615,13983,690732,66013,491185,3269,70,138,25,41,500,256,472,492,261,4863,3601,6381,8403,4698,129918,19591,39745,68305,44561,100258,39135,9219,6983,283990,190910,152385,38525,10564,27961,93080,360230,359988,341881,18107,283990,215324,68666,336438,310230,1467,1117,6544,15250,283990,232151,44320,2016,18
"Congressional District 1 (115th Congress), Illinois: Summary level: 500, state:17> congressional district:01",691474,691474,635267,1367,2930,26729,25181,691474,639564,51910,56207,8531,13053,6181,,,,,,,292771,345746,806,12254,127,26617,13153,72236,322348,18517,20355,23460,13480,9800,4408,5067,12750,24108,21218,17591,20537,19506,24719,24509,8540,12675,5602,7772,11356,7848,5037,3493,369126,18944,17686,24342,13480,10624,5358,5996,14724,25018,22623,20330,21470,24603,27484,27065,10437,12299,8305,10855,17045,11410,8856,10172,50523,265181,30999,14691,15579,13542,12135,13833,12350,9696,8648,15637,26033,30224,23663,13773,13293,11085,680474,118476,472483,5159,0,0,42,524,699,875,1044,2816,1588,7482,4471,8021,10533,9694,110925,14504,27566,90365,39527,81301,39376,8937,7034,265181,159249,95153,64096,12147,51949,105932,346903,346903,312478,34425,265181,158549,106632,305183,228910,51961,1545,7453,12014,265181,206705,50885,2016,1
"Congressional District 2 (115th Congress), Illinois: Summary level: 500, state:17> congressional district:02",713917,713917,656293,1506,2766,27168,26184,713917,660565,53352,57624,5679,13559,7156,,,,,,,264797,406653,621,5436,165,23507,12738,99610,334166,22777,22210,25935,15046,9939,6496,5786,16761,20565,18774,19482,20987,20350,22510,22596,8321,11213,6732,8760,11984,7744,4690,4508,379751,22170,24763,23591,17201,10246,5612,5313,16476,24040,19694,23385,23099,25316,26674,26145,10761,13573,10076,11651,13017,10471,8023,8454,48417,263915,29899,13922,14746,15498,12919,13629,11233,12494,11162,22859,26427,32147,20356,11450,9448,5726,703137,134525,463595,5479,0,229,175,344,1169,1497,1683,5447,559,5919,6631,8655,11604,11566,109979,17926,32721,96315,37504,66729,32674,5300,3490,263915,166338,92612,73726,17456,56270,97577,353687,353591,307815,45776,263915,161062,102853,300249,235508,41666,198,5034,12894,263915,209217,49659,2016,2
"Congressional District 4 (115th Congress), Illinois: Summary level: 500, state:17> congressional district:04",695098,695098,438547,18146,5608,90759,142038,695098,462301,232797,256551,25018,53115,49410,,,,,,,385144,26083,4398,25740,290,235506,17937,487383,352478,27202,25852,23430,14333,8890,4271,5162,15148,33815,29849,30759,24529,23876,20736,19227,7721,7972,4621,5663,8545,5206,3296,2375,342620,22484,23454,24242,16080,8361,3684,4723,16145,31434,29317,28195,22029,21905,19862,19346,6725,8752,5858,7343,8183,5699,4032,4767,51383,223350,12557,11511,11612,12831,10624,12050,15012,11430,9929,19098,20420,29235,17705,10359,10267,8710,690682,114251,451637,14891,216,178,664,4323,2058,3243,3040,31503,2663,14249,9505,10478,10539,13915,107822,16800,16113,53143,25635,75181,27630,5388,2460,223350,152761,99615,53146,16254,36892,70589,370848,370765,346780,23985,223350,101920,121430,339911,240653,66478,7681,10696,10078,223350,173296,38906,2016,4
"Congressional District 6 (115th Congress), Illinois: Summary level: 500, state:17> congressional district:06",722323,722323,609513,1256,5301,67738,38515,722323,616070,106253,112810,16689,25783,6727,681982.0,547200.0,43776.0,2176.0,77.0,1699.0,599312,19108,684,65830,193,16399,20797,67177,353209,21133,20983,23904,17024,9149,4576,4117,12851,20512,23520,22772,20614,25984,28172,28139,10497,12657,6582,9940,12038,7127,5743,5175,369114,19208,23440,25048,16817,8797,4397,3460,12887,18612,22787,21497,19279,26278,32645,29410,11708,13707,8338,11728,14283,8021,7089,9678,97387,262303,8717,5502,6277,6251,6846,9065,7985,9511,6901,14132,19950,33244,34187,22385,27784,43566,712132,33780,494532,4172,110,33,44,0,514,140,1217,1389,637,2234,2287,3630,3059,5587,70869,9022,29475,65563,36461,160506,73203,16697,7683,262303,186300,158258,28042,7474,20568,76003,398397,398207,382811,15396,262303,204599,57704,375732,311509,24958,1616,5142,29878,262303,241239,17583,2016,6
"Congressional District 7 (115th Congress), Illinois: Summary level: 500, state:17> congressional district:07",723481,723481,614174,4412,5140,40807,58948,723481,623726,99755,109307,24111,27911,10297,,,,,,,256647,341264,1315,53760,650,53663,16182,119971,343743,22064,20499,18224,12630,9704,5221,5326,17593,36337,35172,24344,21746,21506,19451,19083,7821,10395,6158,8715,8853,5783,3926,3192,379738,22066,19313,19933,11027,8565,4242,5865,20106,37543,37051,26981,25792,25008,19650,24893,9584,11518,7374,9339,12686,9814,6306,5082,54147,295886,37093,16369,16380,16091,12172,11653,8347,10125,8939,19226,23147,29283,23154,15823,20781,27303,696266,156424,501103,5954,0,136,367,1090,808,1088,1353,6427,1683,7372,6706,11253,15894,8935,103403,14575,20927,65458,23844,112564,59880,20950,10436,295886,148364,80586,67778,12810,54968,147522,383258,383023,347246,35777,295886,118090,177796,340757,178967,80340,4503,45937,20673,295886,221876,55884,2016,7
"Congressional District 9 (115th Congress), Illinois: Summary level: 500, state:17> congressional district:09",724071,724071,531212,2437,7107,108958,74357,724071,540756,183315,192859,35926,45063,14155,681931.0,443010.0,61439.0,4702.0,1402.0,4034.0,514493,72697,2369,93906,213,17837,22556,78549,350566,20904,22525,21099,13890,7897,2891,3659,12180,24371,25746,22530,25690,22425,26622,24750,9132,13029,7158,10351,11562,8917,6220,7018,373505,21236,21030,20394,14526,9921,3986,3734,12300,24292,25669,25673,23930,22197,24204,25885,10961,14331,8888,9686,13827,10817,10161,15857,67084,286837,21391,12669,11776,11930,11503,9851,9856,11648,10122,19992,25075,32126,26480,15816,24018,32584,704366,86078,511899,6509,61,364,54,522,976,1029,1991,3904,1100,5052,3676,5664,6157,9320,71416,10237,20687,62364,28623,156475,80158,21649,13911,286837,167710,132405,35305,10395,24910,119127,374355,374147,358829,15318,286837,169991,116846,354120,233579,72270,5538,14072,23091,286837,239621,34766,2016,9
"Congressional District 11 (115th Congress), Illinois: Summary level: 500, state:17> congressional district:11",730480,730480,587857,3856,4398,60977,73392,730480,596111,134369,142623,19655,39681,20521,682230.0,465218.0,145573.0,1230.0,99.0,1184.0,478688,77608,2646,62504,171,84802,24061,196939,357773,24793,23942,28158,17669,9288,4633,5329,16559,22536,23024,25861,26596,25964,25905,19781,9262,10094,5715,7849,10092,6484,4511,3728,372707,23457,26872,27010,15149,10649,5901,3789,15659,22986,24528,26589,28102,27575,23682,22604,6938,13349,6114,8976,12410,8216,5845,6307,72198,251942,10514,7526,9158,9328,8749,9993,10132,10675,11037,16850,26014,35969,29624,16674,22146,17553,723223,66557,471623,7714,137,31,286,750,2815,1465,2219,10521,1545,6617,4660,5123,6070,8896,91910,15253,30571,67860,37336,106110,50142,8379,5213,251942,178255,132156,46099,11828,34271,73687,391241,391026,371550,19476,251942,179600,72342,362481,320557,15108,639,3914,18765,251942,223113,24388,2016,11
"Congressional District 17 (115th Congress), Illinois: Summary level: 500, state:17> congressional district:17",691212,691212,655064,964,3854,11303,20027,691212,659882,31330,36148,6761,9864,4243,,,,,,,565738,80747,1761,10007,436,10919,21604,64640,340563,22283,22295,22418,12439,9832,4983,5231,12411,21530,21519,20470,20342,20600,23198,23928,11138,11723,8580,11462,12120,7812,5426,5528,350482,19810,19635,21842,14217,7511,4466,4490,12321,22721,23224,20286,20153,21683,24915,24512,10531,13779,8265,10878,15796,9793,8786,10868,47430,277601,24141,16420,16876,17368,13572,15858,15519,12902,12428,20066,26708,31003,23537,13714,10330,7159,669553,109942,477135,2497,242,133,66,689,655,1069,765,2205,1478,5041,7370,12705,15038,7861,131747,27426,45052,75843,43457,59898,21263,4300,2582,283430,173811,121893,51918,13398,38520,109619,338177,337813,311588,26225,283430,184814,98616,305737,278104,5074,956,8356,9432,283430,218692,56487,2016,17
"Congressional District 12 (115th Congress), Illinois: Summary level: 500, state:17> congressional district:12",693736,693736,669296,686,4446,9452,9856,693736,674428,19308,24440,5746,5430,1542,,,,,,,541201,117759,1092,10412,200,6030,17042,23528,343254,22740,22737,21001,14020,8692,4699,4014,14406,23352,23054,22419,20789,23303,22429,23787,9076,13625,7274,10306,12765,5429,4004,4014,367987,19443,25733,28103,16889,7896,4749,5264,11607,16868,20976,23687,28225,28622,29448,24656,10388,13470,7781,9547,12894,10404,4588,6749,90345,250357,10876,5390,6356,6542,7059,6536,7156,8835,6598,15873,21552,38209,28731,21162,30182,29300,731392,48781,480043,2464,10,25,82,65,286,397,325,1078,1126,6437,6475,9571,12489,6154,118334,28481,39323,80219,49475,68519,34829,6435,4503,277601,174842,120716,54126,14263,39863,102759,329972,325670,303395,22275,277601,184914,92687,302014,273429,6240,1121,6654,11032,277601,210533,56262,2016,12
"Congressional District 14 (115th Congress), Illinois: Summary level: 500, state:17> congressional district:14",736397,736397,655719,983,5594,44586,29515,736397,662296,74101,80678,8376,22635,7938,,,,,,,636375,25846,1422,33119,414,23337,15884,93109,368410,22194,27298,33974,19451,10788,5595,4349,13021,17402,21472,21306,25346,29339,27602,27304,7550,13580,7300,7846,12246,9669,6600,5135,344736,16636,19734,21554,14440,8834,4944,3705,13511,18632,19527,19467,22088,22586,24571,23519,9898,14105,8155,11266,16177,10587,9607,11193,57182,270748,13911,13139,11546,13119,14070,14826,11890,13835,11181,23393,30929,37146,25002,15024,12658,9079,667192,82616,472433,2512,0,18,170,207,249,365,1856,3678,798,3737,3414,4882,3930,6295,91184,12526,35017,66168,40985,129455,57625,7842,7178,250357,191132,157445,33687,9882,23805,59225,396443,396174,376906,19268,250357,199652,50705,371275,329277,10050,553,3214,26413,250357,230072,18141,2016,14
"Congressional District 16 (115th Congress), Illinois: Summary level: 500, state:17> congressional district:16",687998,687998,649593,1221,3367,17486,16331,687998,654181,33817,38405,4302,8425,5171,,,,,,,623579,23523,848,9120,256,15228,15444,64186,343262,18427,23157,22175,14809,8862,5439,4568,14770,19986,19411,21345,21185,22078,24210,24928,9159,14198,7702,11182,14267,10691,6097,5273,350649,20134,19737,21415,13692,9388,5026,4730,13817,21495,20093,19280,19478,21368,22419,25656,10641,13496,8043,12932,15314,11329,9129,12037,45360,283430,25032,18304,18913,18766,14690,15208,15559,14091,12799,24518,29836,32148,19604,10831,7711,5420,667990,121273,471381,4496,0,161,191,362,591,95,583,1616,956,4692,5463,8543,12109,8850,135104,23102,42408,72714,47613,65897,29442,5884,3545,270748,185869,141091,44778,13417,31361,84879,352314,352022,329425,22597,270748,193477,77271,324205,297177,1370,1588,6284,14753,270748,227792,37003,2016,16
"Congressional District 1 (116th Congress), Illinois: Summary level: 500, state:17> congressional district:01",706550,706550,643062,471,6298,27214,29505,706550,649831,56719,63488,13921,15136,5662,,,,,,,303613,354097,301,17443,103,19255,11738,75300,333301,18196,21751,24338,14361,9270,4695,5668,15456,22978,23436,19043,20942,22829,20444,21307,9962,13076,7236,9086,10207,9707,5192,4121,373249,22652,18271,21452,13615,9729,5634,4356,13361,25751,24447,22282,22241,24727,23465,27772,11081,15101,9290,11431,14712,12811,8364,10704,55969,269599,27773,13406,12525,13328,11318,13037,10335,11014,10235,18260,29601,28735,25465,15698,15438,13431,695232,114912,483745,5708,284,265,107,192,424,397,649,2002,1590,4920,2402,6360,12140,10603,112051,18536,35090,85472,40289,85833,42071,7494,8866,269599,163755,91068,72687,14344,58343,105844,360460,360357,324630,35727,269599,161445,108154,315657,235869,53279,1657,8065,13556,269599,222530,40023,2018,1
"Congressional District 7 (116th Congress), Illinois: Summary level: 500, state:17> congressional district:07",707513,707513,601126,4912,4478,44358,52639,707513,610516,96997,106387,29802,20747,8207,,,,,,,264669,323450,1095,52122,148,48385,17644,124242,341185,20167,19638,19519,9882,8605,4603,4194,16870,39183,36210,26241,20456,19862,18312,19206,7768,9565,5308,9779,11521,8249,3207,2840,366328,19809,18616,17064,9475,10087,4592,5490,16924,39860,32658,26441,20777,22325,22669,22657,9453,11821,7816,10406,14805,9513,6943,6127,56166,301839,33918,17644,16174,18223,12291,10707,9957,10130,9766,16267,25462,27082,24584,16175,19931,33528,680478,137443,501978,8389,201,209,355,160,524,1657,1033,5220,2188,7053,5080,8496,14627,12072,102136,13746,20365,58840,28310,110752,62539,26341,11685,301839,144286,81990,62296,13748,48548,157553,376267,376128,342422,33706,301839,126479,175360,336736,172979,88231,5531,39882,20575,301839,241715,45629,2018,7
"Congressional District 14 (116th Congress), Illinois: Summary level: 500, state:17> congressional district:14",742235,742235,665406,2386,4570,41368,28505,742235,672362,69873,76829,11290,19440,6086,,,,,,,645869,28485,1023,28809,186,15912,21951,97239,373029,25949,26575,29457,18585,11313,4167,4342,10737,18213,22540,25575,24714,25581,28507,26548,10323,12849,7213,9907,12719,8966,3475,4774,369206,19557,26495,28223,15175,7397,2605,4107,12042,21044,21812,21683,26726,30133,27441,26244,9730,13099,7850,9774,14143,9825,7248,6853,94403,262859,7885,5789,4858,6257,6995,6078,7073,5892,6912,16857,25665,38235,33121,25158,32048,34036,736202,35960,495509,2993,49,166,309,504,368,478,722,1350,1183,2068,2784,3313,4194,6781,101537,12784,35676,65850,44178,127359,61320,11334,8209,262859,202083,169216,32867,11196,21671,60776,398132,398015,383858,14157,262859,217652,45207,377637,330304,11096,552,2762,29423,262859,245775,14395,2018,14
"Congressional District 5 (116th Congress), Illinois: Summary level: 500, state:17> congressional district:05",743699,743699,565501,5199,8902,97513,66584,743699,579602,164097,178198,33729,37021,11985,700467.0,466943.0,94706.0,3078.0,56.0,5367.0,594110,22900,1120,63328,187,35743,26311,138791,367389,22923,19426,19307,9079,6762,3034,3211,18441,43651,39866,29366,25874,23015,21620,20632,8475,11044,6177,9370,10573,6778,4712,4053,376310,20309,16768,16270,11239,6892,3871,4037,18577,42748,39366,29507,23440,23124,21511,22037,8901,13630,7160,9455,12252,8710,6906,9600,87326,304941,14083,7012,7605,11013,10452,10082,7392,9841,9640,18254,26211,38165,30496,22177,31891,50627,733042,61035,543553,7587,94,0,0,440,603,896,1100,4143,909,3476,2657,3899,5932,8904,82226,10781,22381,54212,29461,180700,83456,29979,9717,304941,163569,129280,34289,10990,23299,141372,457044,457022,440341,16681,304941,175693,129248,434323,262108,113921,8130,15377,27774,304941,265338,31746,2018,5
"Congressional District 13 (116th Congress), Illinois: Summary level: 500, state:17> congressional district:13",704211,704211,659393,448,4513,14671,25186,704211,664354,39857,44818,19337,8316,2590,,,,,,,570733,77759,1086,31373,0,5983,17277,26122,348155,20184,18682,21150,13277,17223,8826,10110,19729,23721,22833,23100,18681,19226,19558,20564,9109,13732,7267,9432,12966,8869,4707,5209,356056,17929,18756,20707,10408,17616,11052,7581,18276,21716,21330,21088,20883,18189,21150,22647,9309,14373,7522,10374,15670,11250,7297,10933,51401,286809,28252,14303,14314,17051,13033,15196,13270,12783,10527,25609,26637,34457,24385,12344,12786,11862,663915,119512,452705,2630,0,18,0,156,231,49,129,886,908,3959,4150,7849,11444,5990,117991,21977,34120,63574,40812,78170,40124,8865,8673,286809,165940,123046,42894,11831,31063,120869,357058,356604,337795,18809,286809,180115,106694,332596,289519,8827,2121,15528,14077,286809,236929,34670,2018,13
"Congressional District 17 (116th Congress), Illinois: Summary level: 500, state:17> congressional district:17",679926,679926,643766,1115,4490,12134,18421,679926,649371,30555,36160,8334,9896,4810,,,,,,,553346,80141,1776,10393,245,11838,22187,60034,336379,20707,20397,23554,13062,7804,5746,4504,13237,21765,20818,20578,19245,20393,21410,22688,10434,13201,8214,10479,15099,11249,6257,5538,343547,19351,21073,19658,12570,9164,4491,4061,12680,20757,20207,19938,19519,19923,21620,24086,9948,14449,9311,12129,16167,12396,8766,11283,47853,280917,21732,15997,16135,18166,14889,14957,15325,15469,12220,23865,30474,35102,20194,10583,10308,5501,655934,110228,467867,4646,68,160,186,361,626,291,839,2267,1705,5004,6928,9420,10900,8830,132849,29023,45774,70807,46075,61294,23458,4355,2001,280917,169931,119100,50831,13997,36834,110986,330276,330022,307434,22588,280917,187000,93917,302522,278535,3331,1212,6357,10521,280917,229789,44007,2018,17
"Congressional District 6 (116th Congress), Illinois: Summary level: 500, state:17> congressional district:06",730345,730345,612170,1059,6405,68534,42177,730345,619634,110711,118175,21175,26333,7382,690285.0,546585.0,49956.0,1844.0,371.0,2705.0,600898,17193,955,72910,64,18100,20225,73998,360402,20199,24799,24959,16374,9694,2877,4417,12860,19803,20323,22598,22783,25882,26522,27517,10200,15234,8167,11715,13486,9879,5307,4807,369943,19861,22374,24081,16019,8665,2495,2407,11520,19001,19643,24913,22293,23759,30088,30530,10791,15660,9675,11297,15268,12950,8263,8390,101493,270115,9080,4101,4677,8565,5872,6545,7656,7402,7536,14924,21883,32742,34341,20532,35724,48535,720130,39101,506744,3440,103,0,0,143,243,672,857,2212,669,2296,1885,2591,1908,5556,76709,8894,30161,58043,41078,161166,79786,17726,10606,270115,199484,168027,31457,8822,22635,70631,398815,398713,385440,13273,270115,216872,53243,378621,314175,23753,526,5948,31832,270115,252338,14169,2018,6
"Congressional District 10 (116th Congress), Illinois: Summary level: 500, state:17> congressional district:10",711265,711265,518338,3353,6834,98486,84254,711265,528525,182740,192927,36345,47949,18554,669071.0,409992.0,134041.0,1278.0,216.0,1510.0,493441,44334,3364,82379,422,67579,19746,169408,353539,20851,22203,27031,15554,11668,7278,4621,15226,21936,22309,22982,22193,22550,22361,23728,9406,11542,8450,9528,12641,8538,4818,6125,357726,21343,20042,25147,14479,9355,3629,3872,15965,19999,21170,23167,22794,22511,24836,25315,10173,14135,7753,9315,14888,9660,7517,10661,82099,251936,11943,8481,6743,9607,7919,11334,8310,6416,7364,15500,23907,31121,25381,16795,21021,40094,691238,58249,473001,8254,0,392,0,1345,1413,768,1124,7546,1436,5228,4973,3906,5470,8243,84044,13539,26075,50745,27460,125364,64404,20850,10422,251936,177770,141469,36301,10368,25933,74166,377716,370169,352388,17781,251936,174391,77545,352623,299109,18836,769,10249,20844,251936,228479,18789,2018,10
"Congressional District 4 (116th Congress), Illinois: Summary level: 500, state:17> congressional district:04",702062,702062,465995,15940,7096,85793,127238,702062,489031,213031,236067,28142,43221,41934,,,,,,,420391,28977,3538,24719,188,204348,19901,475571,352971,24551,20833,27631,14085,7659,4480,4035,16933,33234,32041,30600,25211,22656,20492,19071,7272,10661,4701,7072,8610,6236,2164,2743,349091,21669,22739,22677,13734,9309,4370,4822,16183,32141,29883,28278,21994,24265,19006,19492,7966,10298,6323,7540,11076,6559,4372,4395,55305,233844,12624,7803,10511,16243,13170,13511,11592,10773,9544,19294,22753,28838,19662,11480,14880,11166,698344,95866,466352,15451,0,64,1066,1751,4423,1790,3815,24188,3495,9051,12217,6575,9073,10604,123441,15405,18988,57890,26076,79511,31905,6217,3356,233844,154753,98331,56422,18606,37816,79091,384474,384233,360885,23348,233844,113623,120221,356058,244032,78537,5788,9327,13011,233844,191261,36017,2018,4
"Congressional District 9 (116th Congress), Illinois: Summary level: 500, state:17> congressional district:09",721481,721481,529772,3386,7977,108774,71572,721481,541135,180346,191709,41544,45313,9523,678013.0,447142.0,58070.0,3632.0,1378.0,4174.0,507446,68026,1847,95553,771,22005,25833,81079,355134,22885,22606,20566,14750,7977,4947,5173,11159,25248,23033,22170,24912,22741,26362,25646,9019,12642,6969,10614,14394,9381,5318,6622,366347,20583,21480,23298,11276,8704,3940,3620,12419,23778,22756,25631,22733,21863,23995,24607,8185,14440,7555,12430,17600,11663,9137,14654,74614,290016,17873,9926,9787,12383,9933,10577,11164,10308,9146,19372,25124,31476,27691,18306,25981,40969,703489,81477,506098,7803,93,359,397,44,1150,1178,992,4008,699,4016,3054,3943,3956,7995,66556,9303,20405,54599,27287,160257,89892,24298,13814,290016,167652,135099,32553,9188,23365,122364,381623,381453,364527,16926,290016,176969,113047,357860,233100,78528,5181,13229,24548,290016,252893,28752,2018,9
"Congressional District 12 (116th Congress), Illinois: Summary level: 500, state:17> congressional district:12",687072,687072,662720,841,6039,8092,9380,687072,669600,17472,24352,7798,3323,967,,,,,,,533450,117582,1329,8924,110,8331,17346,21908,341016,20376,20843,22420,14345,9137,4116,5032,12413,25105,22948,20498,20647,21259,22341,24367,10288,12982,8128,10837,13410,9348,5314,4862,346056,19882,19303,22174,10935,8081,3196,5514,11716,23379,21419,21224,20937,21018,21896,23119,11874,14320,8423,11483,16131,13409,7247,9376,50556,277817,24276,15204,16352,15321,14860,14441,12740,12985,11019,20901,31049,33310,21360,11703,12598,9698,665050,111064,477589,3602,70,0,41,579,159,620,306,1070,1382,6311,5722,11339,12066,7167,117233,25283,44127,74978,52295,66692,36433,6182,3932,277817,171301,120137,51164,13501,37663,106516,333602,330505,310439,20066,277817,184201,93616,308264,285075,4364,1362,6015,8571,277817,220950,47149,2018,12
"Congressional District 8 (116th Congress), Illinois: Summary level: 500, state:17> congressional district:08",707268,707268,488750,2295,7834,104716,103673,707268,498879,208389,218518,39503,59958,22964,657705.0,349002.0,165482.0,866.0,0.0,2558.0,454580,38308,6590,99254,1736,87930,18870,212650,341723,24592,22853,21017,13106,7206,3732,4706,14399,24756,26084,26650,25392,22264,19380,21882,10198,10849,6727,8832,12079,6305,4890,3824,365545,24971,24353,22540,14058,7913,4513,4093,16018,25612,26823,25018,23005,23926,19914,23629,10153,14045,8008,9938,13657,9423,6332,7603,72089,250552,10142,4846,8434,8506,8649,8661,9805,12436,10371,19254,28193,36838,29011,18647,20926,15833,702194,58125,477198,9879,163,0,0,1110,1949,1999,1813,10534,2532,5873,6975,8494,4769,12239,101398,12348,30370,62869,37420,108063,44732,7575,4094,250552,177231,135528,41703,11431,30272,73321,397559,397521,382455,15066,250552,167888,82664,375501,335475,13576,909,4316,17227,250552,226783,19783,2018,8
"Congressional District 18 (116th Congress), Illinois: Summary level: 500, state:17> congressional district:18",700276,700276,668854,925,3360,14496,12641,700276,673139,27137,31422,9343,7418,1393,,,,,,,628155,29816,1320,20195,28,5299,15463,21322,342649,20641,21367,23376,14713,8723,4148,4269,11049,20148,21352,22224,20330,20908,21125,24969,9243,14171,7381,12222,15511,11034,6765,6980,357627,20797,20751,23034,13370,9229,4741,4343,10621,21020,20293,21107,20877,21480,22108,25716,9335,15194,9773,11682,16671,12799,10090,12596,65362,279760,15710,10373,10842,12110,10442,14085,11201,12355,9516,21261,31855,39775,27145,18821,17829,16440,679721,67944,485104,1702,178,63,0,58,260,124,146,626,554,3607,3000,6291,6344,5497,126269,18729,36183,65986,47236,100599,45590,8483,7579,279760,184193,149905,34288,9395,24893,95567,347056,346622,334854,11768,279760,209231,70529,330931,305769,1084,901,6855,14912,279760,234598,35974,2018,18
"Congressional District 2 (116th Congress), Illinois: Summary level: 500, state:17> congressional district:02",694459,694459,633358,2103,1993,27278,29727,694459,637454,57005,61101,7701,15385,9255,,,,,,,253856,393578,1139,6314,95,25713,13764,103443,321210,23003,20465,25772,17158,10926,3328,4365,13393,22328,17564,18976,19799,20575,20874,17985,8122,12498,6209,8831,11474,7380,5008,5177,373249,18759,20994,26289,17427,9134,4924,4142,15558,23667,23700,21590,24284,24078,25162,23284,10450,12727,8455,11040,16380,11428,9448,10329,49210,257381,23287,13302,13785,14487,14450,15339,11928,12614,11246,21775,24541,30325,20490,11330,11113,7369,685569,125603,458822,6644,145,247,53,443,478,1013,1434,4617,1243,5645,4411,7519,11477,9741,124755,15264,30303,92619,36929,62085,33888,3572,4297,257381,162028,87811,74217,14684,59533,95353,332463,332262,299420,32842,257381,156735,100646,291698,234822,33572,466,3905,13607,257381,212388,37988,2018,2
"Congressional District 16 (116th Congress), Illinois: Summary level: 500, state:17> congressional district:16",684888,684888,642181,1018,4301,18720,18668,684888,647500,37388,42707,6770,8697,5722,,,,,,,619708,25648,1341,11044,176,11562,15409,70798,343108,19358,18784,23138,14502,9889,5886,5525,14013,22548,18747,21064,19540,21680,23004,25178,10460,13555,7949,11233,15144,10181,6621,5109,341780,17725,18296,21738,12316,10112,4238,3908,12181,20074,18446,18369,20305,23119,23672,25226,9547,14155,7502,12241,17367,11613,9450,10180,61773,274557,11382,12049,13169,14042,13020,15022,9845,13372,9576,21105,31893,35315,28129,17621,17154,11863,665484,70792,473279,5151,11,33,420,239,278,815,446,4636,463,3513,4891,6649,9068,8568,131056,24698,39906,70221,47216,73426,32889,4957,3729,274557,179700,140382,39318,12032,27286,94857,354224,354081,337152,16929,274557,197906,76651,330317,304971,1424,1187,5044,14577,274557,238604,29424,2018,16
"Congressional District 3 (116th Congress), Illinois: Summary level: 500, state:17> congressional district:03",704050,704050,550086,2435,7428,82048,62053,704050,559949,144101,153964,16474,33148,15581,,,,,,,554906,35460,3459,31306,158,63289,15472,228203,350554,20443,20948,25757,14459,9551,3765,4344,12308,24975,22935,25037,22101,22088,24815,26543,8812,14242,6286,9045,12935,9217,5256,4692,353496,23342,22737,23315,14761,7151,3175,3284,13301,22924,22179,23054,23952,20857,23105,22794,9128,13700,7560,9242,15728,10110,8277,9820,66862,246239,12258,7272,10050,11708,10666,10631,9193,11408,8951,16263,26917,30340,23520,16703,20117,20242,692985,71307,481409,9679,0,85,457,558,1303,1105,2114,8868,1801,8714,6782,7003,5540,14443,123133,17754,28649,72163,34594,84132,41253,6664,4615,246239,173289,129774,43515,14783,28732,72950,360445,360326,337156,23170,246239,182050,64189,329683,278177,30853,930,6523,9159,246239,208892,31903,2018,3
"Congressional District 11 (116th Congress), Illinois: Summary level: 500, state:17> congressional district:11",722584,722584,570531,4115,5206,66187,76545,722584,579852,142732,152053,29478,38073,18789,678700.0,452521.0,153192.0,1387.0,91.0,1317.0,496219,76321,3335,58102,418,58508,29681,210124,357375,23351,21959,28883,16223,10174,7124,5730,12351,23594,23874,26040,22706,28339,25781,21964,10530,9893,6345,7769,11108,6505,3700,3432,365209,20533,24885,28322,14619,10655,4565,5142,14205,21944,22676,26597,26971,27083,23466,22956,8616,10700,7184,8632,14039,9409,4539,7471,79003,249169,9491,4975,6746,7719,8440,9691,9767,9362,9271,17110,25404,37681,28266,21320,20532,23394,714293,59646,473863,8933,276,0,468,702,1749,1352,1558,9625,2178,8041,7106,4820,6341,9019,94061,18846,31491,62309,37676,106289,47477,7615,5931,249169,177819,131992,45827,16265,29562,71350,400658,400385,381907,18478,249169,175712,73457,373561,330197,17260,432,4503,17136,249169,221895,23708,2018,11
"Congressional District 15 (116th Congress), Illinois: Summary level: 500, state:17> congressional district:15",691196,691196,675199,655,3179,6491,5672,691196,679033,12163,15997,3009,2743,1560,,,,,,,639755,31004,1228,3770,282,2998,12159,18636,346943,22407,20801,23393,13625,8600,3907,5336,12195,20489,21791,22773,19527,20865,21889,26225,10346,12834,8566,12619,13898,11199,7953,5705,344253,19601,19374,20883,13353,8502,3482,4052,10125,19393,19522,21339,18865,19804,21256,27485,10353,12874,8261,12679,16828,13327,10915,11980,53042,276514,18090,14665,14071,15986,13423,12951,14737,14418,12146,22889,30598,38204,22688,12275,11814,7559,663971,90983,481560,3933,0,47,90,46,169,314,187,900,1214,10079,4723,9313,9328,6553,136767,28163,44081,69452,60459,61974,26242,4282,3244,276514,184317,140936,43381,12019,31362,92197,328751,328407,310983,17424,276514,206151,70363,306998,276861,1751,1418,7560,17243,276514,222689,47541,2018,15
"Congressional District 1 (118th Congress), Illinois: Summary level: 500, state:17> congressional district:01",728550,728550,668905,1600,7081,26677,24287,728550,677586,50964,59645,18688,11269,3863,,,,,,,284667,351261,3461,16520,107,25061,47473,63990,346545,22939,23405,24107,14934,9071,5288,3719,15548,22957,22731,21283,20233,16882,24547,19453,8911,16111,7365,12040,14559,9439,5709,5314,382005,16830,21258,21437,16783,8657,3994,2997,15473,22076,22680,24294,23502,21619,28341,24209,11342,15450,9090,14038,21498,16051,9673,10713,64107,300665,29318,18059,10475,11569,12593,13784,11296,9611,8615,17302,24544,35417,30965,17794,24683,24640,718322,119176,502110,6865,59,499,0,0,179,658,334,1433,716,3895,3387,6202,8306,11644,116152,17122,39210,82408,43079,89859,50626,9896,9581,300665,179194,103666,75528,14292,61236,121471,360825,360646,330170,30476,300665,186351,114314,323059,229369,31922,753,10394,44603,300665,263931,25984,2022,1
"Congressional District 2 (118th Congress), Illinois: Summary level: 500, state:17> congressional district:02",730809,730809,669798,2463,3664,25946,28938,730809,675925,54884,61011,14990,12585,6092,,,,,,,266521,334699,3053,9005,427,61185,55919,112074,348863,20278,20147,30866,14763,8490,4971,5024,14799,22075,22508,20064,19644,20314,20499,24168,9148,14563,8972,11649,15533,9724,5878,4786,381946,19373,23005,25141,16418,8946,4480,3656,15622,22206,24717,22318,22758,23296,22328,25628,10048,16879,9253,12757,18284,16000,9912,8921,57780,294779,23392,13909,14035,12889,13276,14174,10728,15482,10572,23459,29603,38267,25515,15588,17702,16188,716567,129895,494830,8027,0,0,363,219,867,554,966,5369,1198,6090,4324,5009,9569,9690,130205,24048,36563,88833,43138,69234,39611,6861,4092,294779,175258,100163,75095,17141,57954,119521,357619,357013,326275,30738,294779,186285,108494,319410,247931,15152,2344,8264,37464,294779,267512,19900,2022,2
"Congressional District 3 (118th Congress), Illinois: Summary level: 500, state:17> congressional district:03",708538,708538,492760,17533,8936,91291,98018,708538,519229,189309,215778,53565,38411,24992,,,,,,,323012,36378,12704,56878,204,144889,134473,309369,359668,21403,17992,22969,15764,9489,5052,3300,17112,29142,28752,28385,26418,23873,22642,25157,8508,10826,7219,9078,12287,6770,3767,3763,348870,18901,18990,20714,14567,8152,4175,4008,13675,25087,29369,23831,26335,19449,22065,22382,9397,11080,7362,10318,15280,9362,7430,6941,78452,269269,14718,9102,7406,10222,7575,9075,9971,9099,9304,18758,23766,34349,28285,19766,26594,31279,698241,91055,492275,15420,178,107,205,1887,1879,1660,1522,11566,3275,9415,5313,5694,3851,14871,101892,15702,24339,50541,35975,121820,49296,10284,5583,269269,166964,119103,47861,15537,32324,102305,396157,395801,377620,18181,269269,153558,115711,371414,252099,37123,4997,8597,64300,269269,243006,18382,2022,3
"Congressional District 4 (118th Congress), Illinois: Summary level: 500, state:17> congressional district:04",718854,718854,474990,4780,10246,111356,117482,718854,490016,228838,243864,38328,41345,37134,,,,,,,218767,36251,16490,32050,360,249632,165304,478972,361020,17727,23400,26243,18223,10416,4861,5563,17480,25811,24740,26804,22830,22961,25429,21172,9853,11640,6597,10469,12289,11196,4028,2668,400011,24641,21229,23848,11491,9721,3292,3104,21786,44227,40947,30089,26227,21216,22245,18955,6435,12161,6925,9989,19386,11245,5144,5708,76365,335027,31740,19639,11879,12591,9751,9516,7392,12360,8508,17950,22907,35850,34272,20977,29183,50512,745118,139812,530736,9841,0,406,270,1006,4665,3152,2721,21074,1463,9705,7618,6762,8305,19171,114069,21716,24652,51877,31480,73549,31697,8834,3676,248910,172001,114105,57896,18525,39371,76909,367253,367011,344372,22639,248910,156538,92372,337541,251804,27484,2140,8788,41880,248910,217514,23296,2022,4
"Congressional District 5 (118th Congress), Illinois: Summary level: 500, state:17> congressional district:05",732819,732819,580298,2242,6871,90930,52478,732819,589411,143408,152521,41082,31621,4392,690903.0,498170.0,58431.0,4738.0,258.0,5063.0,524489,22200,3744,79896,0,33537,68953,97432,358804,19875,18733,16948,10148,5796,2052,1783,17433,35407,33919,31895,24743,23492,20657,21174,8691,13654,8488,9093,14126,7568,5172,3772,357834,19523,22342,22573,15129,9560,3386,5169,19063,23960,23622,21058,22325,25040,22187,22852,9936,13462,7445,10841,12249,11630,6015,8467,69123,248910,12521,6809,9268,10475,12110,11431,7669,10942,8593,18211,26794,28624,28180,14415,19441,23427,707088,88975,478196,30328,294,116,0,39,239,641,669,2497,711,3012,1349,2571,989,6410,60133,7796,18930,46723,27962,201086,108035,26737,13384,333259,169480,139841,29639,9722,19917,163779,437458,437458,426265,11193,333259,197640,135619,419021,210814,66552,4871,14825,115290,333259,313452,11075,2022,5
"Congressional District 6 (118th Congress), Illinois: Summary level: 500, state:17> congressional district:06",737763,737763,617661,966,7515,72882,38739,737763,626142,111621,120102,29080,23514,7574,,,,,,,526731,39072,4138,41065,115,44887,81755,117264,361918,21434,20445,23461,13271,8389,4341,3432,13160,22518,26674,26720,24480,17873,24513,22573,10092,15377,9041,13368,16927,7182,6125,7390,374015,22041,16728,19360,10059,5968,3667,4180,20210,35749,33788,29786,24254,18814,21792,19403,8624,13188,8073,11524,14151,13464,8847,10345,104191,333259,14822,7800,6815,8439,6322,9070,8662,7768,6721,14578,28775,40845,31842,26428,37982,76390,724321,54244,537838,7515,282,86,0,0,657,231,192,3283,582,4081,2138,3279,2799,8407,103089,13746,33518,70346,43538,138175,68190,14877,8962,295163,194767,150663,44104,14963,29141,100396,393670,393545,377972,15573,295163,230260,64903,370349,280718,16588,519,4271,63701,295163,276618,13505,2022,6
"Congressional District 7 (118th Congress), Illinois: Summary level: 500, state:17> congressional district:07",758917,758917,634587,4991,5768,46210,67361,758917,645346,113571,124330,47521,25914,8253,,,,,,,242099,316388,5748,65082,748,56881,71971,128427,358906,22132,19120,22233,12444,10355,2571,2830,17384,36180,41020,29703,24611,23967,18491,18728,6078,10171,5073,6407,11516,11035,6963,5831,375845,19436,24271,20235,15382,8141,1960,2727,10069,24190,21735,25767,23774,19421,23804,25577,9605,16812,11850,14706,19803,17226,8962,10392,95298,295163,10957,5258,6584,6378,9154,8440,8092,10505,9007,16830,23098,40962,34308,27722,34731,43137,730590,53123,527609,7151,0,273,80,121,982,749,993,5047,1052,3787,5796,7048,9494,13505,89469,17100,27547,52864,28668,136627,79662,26947,13084,335027,166485,95972,70513,14208,56305,168542,418967,418803,390694,28109,335027,142487,192540,384828,179255,62244,5556,34717,96046,335027,295499,22792,2022,7
"Congressional District 8 (118th Congress), Illinois: Summary level: 500, state:17> congressional district:08",749823,749823,531119,4444,7426,118061,88773,749823,542989,206834,218704,55726,51013,16264,712780.0,415294.0,135824.0,642.0,0.0,3592.0,418128,34361,7371,99441,2253,84373,103896,188087,376269,18174,23514,26005,18112,8142,3954,5761,15078,22940,25266,29149,26768,24008,29318,22688,8782,15977,9177,9724,14340,8935,5304,5153,373554,18869,21816,25299,12751,7341,3723,4776,14686,21515,23439,24268,27115,29090,23646,24573,9710,17300,8146,12285,16054,13506,7248,6398,91317,286073,10599,4746,6689,5762,6130,7189,9160,8152,7296,21743,26639,42186,35542,24923,34375,34942,743797,51391,521822,13140,0,262,0,400,1007,1059,1757,6530,1336,3246,3219,4659,3290,8487,107476,15359,34231,62519,43665,139097,56309,10396,4378,286073,198491,148239,50252,16775,33477,87582,432420,432040,415201,16839,286073,209137,76936,407522,331284,7567,642,3442,60419,286073,269392,12172,2022,8
"Congressional District 9 (118th Congress), Illinois: Summary level: 500, state:17> congressional district:09",730979,730979,526219,2156,9326,121969,71309,730979,537701,193278,204760,59949,41843,8366,698440.0,447666.0,66656.0,5148.0,976.0,2562.0,449896,54757,2962,108724,465,40585,73590,93378,366798,17469,21095,21763,13218,9922,3557,3050,13541,23449,23483,27355,24502,28019,24236,26502,8424,12490,10375,12555,18875,11733,6010,5175,364181,15070,17462,19180,12684,9979,4192,5020,14380,21831,25649,26645,26004,24736,20792,24790,10101,12758,9087,14015,17542,11460,9164,11640,86692,306811,16500,9780,7590,7243,10840,10078,7678,9428,8884,17517,25940,40398,29009,20628,30940,54358,711190,73020,529397,11884,369,138,75,87,462,869,1511,4847,975,3754,2830,3594,4237,7095,71185,13006,18706,52044,33352,169703,90948,22435,15291,306811,173536,137391,36145,11278,24867,133275,408166,408166,388248,19918,306811,185041,121770,382994,227977,41222,4189,13474,89145,306811,282906,12617,2022,9
"Congressional District 10 (118th Congress), Illinois: Summary level: 500, state:17> congressional district:10",744016,744016,581895,2797,8499,78287,72538,744016,593191,150825,162121,44757,27734,16803,704757.0,483588.0,129435.0,1651.0,855.0,1143.0,458578,48449,8484,61198,761,63989,102557,178151,374906,20881,23661,26477,16304,13296,6061,5174,14759,22246,21120,22087,25037,22935,24072,27609,11679,13031,8374,11546,15568,10897,6336,5756,369110,18378,24048,22763,14692,10458,5476,3654,14657,20273,20583,23565,24227,20992,26322,26572,11291,14087,8407,10844,17461,13287,9731,7342,98057,276723,8957,5186,5756,7407,6399,6558,6388,10755,8073,16136,24272,35203,30387,21093,29200,54953,725245,57789,503277,12299,237,257,245,959,583,47,808,4067,1115,4505,3884,3907,3287,11222,84748,16584,28747,53118,33342,130335,73133,22046,13802,276723,195943,157402,38541,12138,26403,80780,404643,393649,381993,11656,276723,203383,73340,382537,287836,10716,1302,7190,70153,276723,257917,12494,2022,10
"Congressional District 11 (118th Congress), Illinois: Summary level: 500, state:17> congressional district:11",766225,766225,630349,1660,7342,67065,59809,766225,639351,126874,135876,35454,32061,12665,723882.0,542619.0,96321.0,843.0,0.0,2378.0,500120,43916,3534,71963,1133,55256,90303,142858,379659,21945,22415,26880,17691,10211,5560,3137,15225,23777,21547,23586,30082,26038,25818,25425,12009,13316,7862,9987,16185,10220,6228,4515,386566,20398,24115,26362,18057,8837,5483,4743,14548,20533,21886,25256,27612,24702,27008,24172,10490,14539,8055,12260,17803,12295,9054,8358,99802,286430,10384,4832,5798,7049,6124,8329,7688,6444,8748,16028,24444,37711,31139,26066,35323,50323,758235,52055,520618,10856,132,55,0,67,427,510,348,4291,1085,4015,3006,4655,3997,9521,90489,15215,36684,61680,41073,143949,69806,9615,9142,286430,200183,159764,40419,12210,28209,86247,422501,422068,404214,17854,286430,217729,68701,397668,311801,9562,414,4281,66524,286430,270612,11076,2022,11
"Congressional District 12 (118th Congress), Illinois: Summary level: 500, state:17> congressional district:12",748293,748293,727045,633,4585,7904,8126,748293,732263,16030,21248,7421,4018,599,,,,,,,652456,36299,761,6739,9,6359,45670,20938,376931,19097,22394,24852,15967,9300,4834,4736,14178,20757,23913,24291,25325,22403,24505,26906,8944,16716,11327,12672,18392,11631,7784,6007,371362,19722,22286,23570,13675,8861,4323,4431,12501,19094,20845,22456,23990,20004,23038,26584,9455,15792,9751,14084,20466,13513,11760,11161,62253,308822,18228,16267,11997,14076,13799,13809,12854,12928,11550,24335,30097,39996,29546,21089,21242,17009,719834,98092,523566,4184,0,29,13,353,117,245,406,1039,1061,5882,5134,6436,8964,7288,130642,28990,44731,74951,72632,79350,38741,7241,5137,308822,195935,149856,46079,15429,30650,112887,356810,353672,340545,13127,308822,228247,80575,335741,293287,957,1507,8046,28492,308822,269544,31592,2022,12
"Congressional District 13 (118th Congress), Illinois: Summary level: 500, state:17> congressional district:13",739838,739838,688807,772,7266,18024,24969,739838,696845,42993,51031,26379,8325,1790,,,,,,,506980,129338,2757,30704,288,9731,60040,33259,364116,21681,20356,22997,11161,14052,7841,7273,22371,25340,25777,24859,19564,18957,19605,21496,9778,13793,9297,10656,15415,10755,5646,5446,375722,20350,17681,21402,11655,13180,7510,6573,20775,26010,24492,22984,21579,20748,19947,24576,9787,14030,9394,12313,19769,11833,9162,9972,59843,312597,28375,12728,12692,13951,13719,13280,12155,11851,11045,26869,33991,38947,25148,20758,17763,19325,710645,127182,492980,6265,28,0,81,0,44,35,61,572,638,1811,4567,5434,8718,7595,124586,21793,36368,65446,47788,91884,47512,9347,12407,312597,174491,122665,51826,14732,37094,138106,368106,367050,346378,20672,312597,200167,112430,341322,270693,8429,1776,11159,45963,312597,280903,20068,2022,13
"Congressional District 14 (118th Congress), Illinois: Summary level: 500, state:17> congressional district:14",756472,756472,649856,1879,5038,53530,46169,756472,656773,99699,106616,27633,22694,9324,,,,,,,475307,72215,5273,37054,58,64816,101749,181793,382949,22120,25827,28031,18651,11621,7482,6439,18040,23655,28252,26688,25623,24566,26541,24396,8892,11365,6754,8850,12078,7794,5922,3362,373523,18551,23825,26378,16732,11158,5908,6352,14809,24086,23754,21546,27312,27611,25748,23882,8895,10144,7843,9650,14147,10558,8118,6516,86174,266940,12317,6367,5144,8670,6980,9297,9192,10044,6093,16486,26580,36376,32093,24246,27484,29571,741090,73378,494548,13549,85,159,91,98,1461,261,1259,6191,528,4310,3245,4044,6021,9651,115575,18420,36158,70758,44323,99165,48820,5560,4816,266940,192997,141068,51929,15825,36104,73943,400203,400121,385008,15113,266940,203680,63260,376895,316421,5018,505,4535,46316,266940,249466,12287,2022,14
"Congressional District 15 (118th Congress), Illinois: Summary level: 500, state:17> congressional district:15",746507,746507,730987,773,2779,5984,5984,746507,734539,11968,15520,3684,2964,1058,,,,,,,678071,25300,1585,6156,24,5161,30210,19088,370993,18028,22463,23722,16537,8313,4427,4598,14420,21288,21367,25468,23643,22563,24388,21376,10745,17619,10309,13017,18699,12854,8214,6935,375514,18608,21867,23910,14851,8847,4116,5299,11083,17928,20043,25051,22104,21223,22384,23629,10225,17063,10545,13337,22220,16968,11721,12492,66614,309927,16798,12494,11895,12432,12406,14810,13058,12076,11124,23984,30651,42479,33212,21369,21110,20029,718278,80881,525418,3668,162,0,0,0,6,0,42,217,322,5839,4157,6982,8202,6285,160201,27953,42674,68718,55324,84155,37917,6521,6073,309927,195006,151462,43544,14052,29492,114921,361889,361142,349513,11629,309927,241021,68906,344714,300718,1535,1865,5165,31380,309927,276937,24896,2022,15
"Congressional District 16 (118th Congress), Illinois: Summary level: 500, state:17> congressional district:16",745274,745274,712170,1530,3831,12477,15266,745274,717531,27743,33104,10046,6691,2688,,,,,,,640523,19433,1273,15744,103,12258,55940,50798,372941,18780,22850,28789,15946,7951,4523,4355,14418,19901,20007,24462,24363,22327,24061,23508,12441,13824,10306,12572,19575,13139,8068,6775,372333,19045,22687,24983,13509,6688,4058,3681,12508,20113,20084,26383,22044,21601,22639,23140,12096,15026,11481,13608,19233,15848,10574,11304,78393,306321,12675,7228,9097,9879,9954,10814,10793,12528,9474,23195,30765,40899,33950,27123,29965,27982,733632,60455,520503,3818,43,0,10,283,465,612,336,891,262,2742,3405,6228,5516,7783,130364,23413,43271,67862,55617,106455,45498,10207,5422,306321,207079,167942,39137,12032,27105,99242,374439,373135,359646,13489,306321,241518,64803,355421,304171,1045,812,6024,40665,306321,278126,20176,2022,16
"Congressional District 17 (118th Congress), Illinois: Summary level: 500, state:17> congressional district:17",738355,738355,689562,1991,5541,17372,23889,738355,697094,41261,48793,16629,10201,5556,,,,,,,517182,89407,3630,16692,297,33524,77623,83848,367749,22338,22185,23507,14527,10710,6742,7382,16717,24591,24243,24127,21769,18813,22077,21975,10635,13538,8275,10635,18802,11226,7729,5206,370606,18174,21730,21143,12409,11987,6984,7460,17244,21929,24025,20729,19519,19796,21977,23157,10646,13940,10090,13311,20551,13554,9047,11204,56834,318644,23789,16989,12946,13519,13238,17208,15616,15487,11611,26024,32843,42844,28966,17151,17531,12882,703826,119120,497116,8118,42,78,209,243,965,199,229,1592,781,2445,5748,7205,9304,10587,129812,29060,46119,70898,50942,78547,32212,5820,5961,318644,180113,123195,56918,18283,38635,138531,367628,367301,349693,17608,318644,209270,109374,341330,284731,2798,898,9739,37440,318644,279296,26005,2022,17
"Congressional District 1 (118th Congress), Illinois: Summary level: 500, state:17> congressional district:01",751575,751575,680798,1589,5334,35209,28645,751575,687721,63854,70777,21390,13538,4609,,,,,,,278207,358230,2274,15755,204,37584,59321,83528,353234,19796,23621,28364,15735,10305,4491,4833,13223,21171,27344,20347,23727,17075,23723,19193,12773,14720,7328,10785,14475,8762,6196,5247,398341,22062,22564,25765,17505,8203,4158,3249,14175,21791,28930,23403,25445,22352,27090,24582,10989,14961,10346,16962,18824,13661,10082,11242,67268,298665,24108,16122,11471,11914,8359,13275,13394,8509,10585,18402,24361,33524,31404,18448,28470,26319,739902,113442,513526,6855,208,199,0,201,456,274,352,2477,819,3448,3089,5263,8103,9862,120764,23223,45054,77050,46997,90656,51776,9105,7295,298665,182247,109002,73245,15895,57350,116418,375133,374075,342015,32060,298665,189080,109585,335244,248009,33726,792,8202,37659,298665,269965,19958,2023,1
"Congressional District 2 (118th Congress), Illinois: Summary level: 500, state:17> congressional district:02",720502,720502,652735,954,4852,30129,31832,720502,658541,61961,67767,17730,13948,7094,,,,,,,261527,327303,5173,7580,222,57407,61290,117144,345593,22990,25365,28246,16084,7936,4766,4137,11567,19900,20721,19873,20859,20625,20658,19687,10150,12829,9377,10744,16568,9949,6892,5670,374909,18504,22708,23972,14950,7564,4429,5000,12955,21481,26215,22285,24351,20728,22581,20513,10446,18592,9540,13067,18647,14978,11681,9722,61221,291541,25467,16383,9778,12422,11867,11277,11552,13699,10577,19884,27924,37538,26680,17701,20947,17845,704515,123510,489329,10146,187,115,307,198,826,691,656,2937,976,2631,4335,6079,9776,12054,134039,26442,41320,69299,41384,72657,39838,6766,5670,291541,177713,101981,75732,19271,56461,113828,343616,343612,322025,21587,291541,187397,104144,313369,252299,19441,480,7790,27793,291541,261089,22479,2023,2
"Congressional District 3 (118th Congress), Illinois: Summary level: 500, state:17> congressional district:03",720148,720148,493311,14760,10149,97839,104089,720148,518220,201928,226837,60839,45000,18993,,,,,,,327887,37826,11171,51992,594,151651,139027,333195,357988,20169,20267,21461,16362,8587,3633,3444,13747,24976,29556,29728,25909,22862,23968,21702,9172,12585,8050,9722,14403,8847,5411,3427,362160,21177,20642,19287,13599,6753,4695,3220,16636,30077,32692,24837,23496,23611,23341,20625,10507,12273,7064,11339,14222,9789,6416,5862,83552,275205,12687,7981,7145,5013,10027,9696,8020,9481,9331,14625,28550,35825,31745,21551,28657,34871,711779,88419,506469,25960,127,291,154,1158,3733,1016,3208,11510,1539,5060,4001,5710,6606,14519,102155,16254,29179,54222,30013,123873,51061,9430,5690,275205,174615,123481,51134,19039,32095,100590,409655,409584,389127,20457,275205,157562,117643,380566,265118,42701,6072,8425,53372,275205,254078,13882,2023,3
"Congressional District 4 (118th Congress), Illinois: Summary level: 500, state:17> congressional district:04",704764,704764,474103,3480,8442,104126,114613,704764,486025,218739,230661,42471,43205,32418,,,,,,,219559,38477,18345,31735,509,226648,169491,452485,362273,15938,22133,24039,16888,11187,4208,5903,19128,24972,24771,24133,28953,23599,26005,23078,9376,10864,7894,8518,12086,7834,6102,4664,342491,17970,18342,24965,16809,12219,5178,4875,13867,20112,23915,22420,23515,23917,21614,19748,8077,11362,8226,7453,15208,9693,6947,6059,75442,247835,10774,6007,6447,10849,6357,10569,9597,11772,7255,20342,23257,28166,28574,17800,21030,29039,692229,88784,471115,25969,350,171,574,1726,3685,1661,1471,21726,1402,11722,6878,4533,10534,17167,113328,22884,27082,47818,29649,71868,35105,9095,4717,247835,174646,113494,61152,25348,35804,73189,375406,375108,353986,21122,247835,159104,88731,348005,248646,42971,2201,11497,39878,247835,227944,13722,2023,4
"Congressional District 5 (118th Congress), Illinois: Summary level: 500, state:17> congressional district:05",754102,754102,593932,2518,6710,99163,51779,754102,603160,150942,160170,46979,33962,6591,717206.0,515406.0,54934.0,5143.0,626.0,3545.0,538787,23976,3787,78009,542,37646,71355,93785,363587,18458,20274,21748,12890,5085,3362,4300,12677,34512,36139,30169,23643,25801,22250,21305,8728,12787,6713,10575,11502,9815,5547,5307,390515,18438,21560,18748,12477,7257,2532,2501,19871,40157,35215,29917,27981,24649,21922,20964,7671,13372,7386,10697,17627,11461,8786,9326,107501,346882,12906,7678,7107,6979,6884,7330,6215,9253,8994,16607,29988,39505,38499,26750,40094,82093,744374,53917,551924,4837,74,30,0,0,468,116,456,1325,419,1372,1170,2441,1981,4892,56886,8619,22311,46035,28362,213238,111464,30595,14833,346882,173500,141013,32487,10255,22232,173382,461854,461768,448560,13208,346882,204788,142094,439947,221354,77358,4723,18719,110541,346882,322854,10384,2023,5
"Congressional District 6 (118th Congress), Illinois: Summary level: 500, state:17> congressional district:06",725829,725829,600599,2749,7683,77579,37219,725829,611031,114798,125230,34693,20238,5244,,,,,,,536193,39913,1500,41518,138,38361,68206,118713,360759,21917,23302,22743,13031,7786,2770,3953,11112,24590,23580,25129,24724,21637,20128,22264,10065,14776,10140,14537,16947,13048,7431,5149,365070,17753,20332,18568,13643,7162,3686,2770,13084,21996,19109,21983,23462,20938,24316,23011,10723,18794,10877,13199,21987,14501,12426,10750,92820,298572,12737,7118,6727,6272,7256,10761,8075,8271,8909,17748,27294,37381,34649,22371,34885,48118,717733,53319,522217,9567,0,0,0,138,299,229,220,3138,330,4483,2744,3272,4612,9842,105407,11685,33488,56141,41556,143163,65974,15805,10124,298572,189540,145606,43934,14802,29132,109032,384730,384608,368386,16222,298572,230179,68393,360071,273979,19295,1731,5899,54028,298572,280515,12980,2023,6
"Congressional District 7 (118th Congress), Illinois: Summary level: 500, state:17> congressional district:07",732352,732352,599750,2914,6114,50317,73257,732352,608778,123574,132602,53834,24896,10556,,,,,,,243437,285608,2450,68917,194,63912,67834,131223,355695,19094,18305,14275,10024,9860,4320,4203,20013,42300,34230,31827,26250,18269,22105,17823,7323,11130,5347,9870,13828,7251,4352,3696,376657,17527,17736,20419,10157,10198,4967,4120,18894,40201,30327,30568,28426,22401,21176,19154,9252,14002,9912,10558,15389,8768,6461,6044,81352,334019,29437,18865,7727,10069,10157,11812,8934,11446,8093,19387,23832,31871,32757,23449,31141,55042,716165,119314,528240,12745,325,135,524,253,543,647,642,4102,1810,3542,5510,7481,10386,11394,85249,12903,29631,53382,27068,139727,74821,32167,13253,334019,155169,92977,62192,16726,45466,178850,428655,428655,394953,33702,334019,143992,190027,386184,184252,67606,8206,44016,74296,334019,296929,18797,2023,7
"Congressional District 8 (118th Congress), Illinois: Summary level: 500, state:17> congressional district:08",730604,730604,507104,1573,8270,117221,96436,730604,516947,213657,223500,71305,45813,18333,692872.0,390037.0,150317.0,2914.0,180.0,4407.0,402326,33338,8127,97118,447,82978,106270,196051,365661,19732,24029,22995,17286,8316,3607,3880,14156,22044,26508,23308,28398,25153,24439,20276,10127,13398,11749,11601,15455,8507,6441,4256,364943,18000,20516,22931,13805,7186,3275,3753,13334,19853,23870,24650,26798,26300,22558,23892,9974,16219,8450,13262,18114,13512,8101,6590,94702,280622,11188,5030,6499,4393,8230,8166,4987,9352,8494,15576,27031,39845,34684,25432,35592,36123,725475,55852,513803,13113,281,654,44,572,2064,938,2301,6040,1644,3232,5510,4563,3650,14151,106343,17425,31791,54665,33974,134219,63194,8456,4979,280622,194658,148453,46205,15210,30995,85964,410020,409448,395286,14162,280622,202843,77779,389369,321307,9387,702,4051,48514,280622,264843,11458,2023,8
"Congressional District 9 (118th Congress), Illinois: Summary level: 500, state:17> congressional district:09",742949,742949,534528,1164,9880,120928,76449,742949,545572,197377,208421,66574,39219,7831,705989.0,454818.0,73036.0,1617.0,167.0,3239.0,443844,62256,3883,110619,292,48260,73795,105045,360679,17990,18692,19595,14605,9541,3847,3142,14785,21788,24862,29102,23941,24373,24298,24181,8910,15711,7350,14373,16252,10634,6090,6617,382270,18970,21563,20214,12629,10310,4507,3642,13011,23645,26578,26446,24764,21276,24259,23980,10140,14588,10922,12787,21104,14107,11120,11708,90087,312197,15685,8573,8880,7665,8070,8971,9948,8467,10312,21203,23474,38748,30683,23665,31678,56175,721776,81134,535906,8149,0,352,702,372,349,166,677,4134,350,4548,3356,2773,2869,7185,72722,11939,24918,52859,29402,170353,99489,21426,16816,312197,180295,141167,39128,11809,27319,131902,410351,410351,393399,16952,312197,191363,120834,384685,232948,51177,3624,16757,74586,312197,292339,8793,2023,9
"Congressional District 10 (118th Congress), Illinois: Summary level: 500, state:17> congressional district:10",746076,746076,574876,2808,10750,77256,80386,746076,588434,157642,171200,52728,31646,17588,706184.0,472108.0,142569.0,3031.0,199.0,1561.0,444572,44659,6706,63886,842,86359,99052,191228,376017,19157,24887,28040,15462,12521,5559,5039,16407,23024,23298,22681,25570,24045,25768,23483,9208,13764,9203,10172,14947,12031,5814,5937,370059,20735,23917,24754,17125,9148,4098,3444,14771,21272,20882,23572,24433,22456,23595,24726,9712,13337,9205,12458,16638,14072,7643,8066,105666,273906,9971,5422,5992,6704,7064,5137,5547,8409,6045,15305,22258,31201,31881,21533,32628,58809,727269,60547,501012,12757,258,175,0,128,475,41,1246,6598,1243,1899,2861,3272,3347,11554,85791,17446,30330,56091,30747,130047,76024,18568,10114,273906,192875,152484,40391,13582,26809,81031,404494,393070,375777,17293,273906,209050,64856,379178,280731,13994,368,7739,69923,273906,259709,10577,2023,10
"Congressional District 11 (118th Congress), Illinois: Summary level: 500, state:17> congressional district:11",761048,761048,634607,1404,5660,63689,55688,761048,641671,119377,126441,35273,24787,11970,719883.0,543770.0,99251.0,1253.0,0.0,969.0,492294,41829,4495,67356,431,54460,100183,151767,378911,21608,26450,23760,17338,10247,4882,4790,14469,23976,22479,23412,24377,25466,24349,30553,11833,14188,7314,10476,15688,9724,6894,4638,382137,19557,23081,28072,16774,10001,3706,3382,14602,20847,24301,25329,23473,23804,26576,27411,10956,14363,8043,11475,16796,12588,8108,8892,105915,283965,9623,6695,3540,6370,6184,5223,5220,10001,9255,12690,25840,33319,32380,25681,37429,54515,752688,53885,518329,8898,107,83,58,132,462,99,623,4076,330,1976,3469,3552,4618,9376,93260,16742,32577,59452,38764,144499,71436,14894,8846,283965,201922,157787,44135,16938,27197,82043,421930,421167,407143,14024,283965,216419,67546,402624,303897,12745,1117,6389,73451,283965,269979,8608,2023,11
"Congressional District 12 (118th Congress), Illinois: Summary level: 500, state:17> congressional district:12",749426,749426,731381,768,4176,6428,6673,749426,736325,13101,18045,6187,2058,317,,,,,,,655250,40221,1117,6392,41,7715,38690,23054,379559,19998,24399,23689,13445,8842,4340,5026,14615,22384,23204,27072,23985,23919,23400,22550,12370,16337,10525,12372,20083,12328,8316,6360,369867,17876,23223,22301,15523,8269,3618,3613,12435,18742,20722,23002,23867,22635,21056,24076,9183,17959,9476,16466,19303,14849,11351,10322,65076,306758,18479,13142,13096,13728,10521,14428,12228,12718,11156,21735,33914,39659,29872,19112,22676,20294,720768,99447,528214,5808,77,146,318,68,143,243,381,771,394,6042,3759,9028,10640,8446,132043,31045,46109,74410,72686,74946,39319,5793,5599,306758,196981,151786,45195,14072,31123,109777,352359,348670,334813,13857,306758,227638,79120,332412,293281,1243,722,5744,27494,306758,268306,29481,2023,12
"Congressional District 13 (118th Congress), Illinois: Summary level: 500, state:17> congressional district:13",725183,725183,674833,946,4876,16865,27663,725183,680655,44528,50350,27415,5939,1758,,,,,,,483457,137911,2282,29995,591,12993,57954,33430,350766,17075,21173,20637,14129,13980,7468,7169,20092,23073,23558,17827,23145,19617,20457,19051,9662,13885,8427,12041,16706,8826,7395,5373,374417,18877,19127,17613,13619,12470,5496,8087,20349,24723,24711,22818,23852,20681,20598,21717,8705,15055,9334,14170,20145,12003,10208,10059,59299,319582,26463,14029,12950,15562,14429,13869,14778,15029,11295,22444,28900,40338,28177,20071,21468,19780,696470,111670,487822,6788,0,162,69,10,139,0,0,903,353,1968,2581,5621,7345,5077,120887,24206,37705,65824,45352,94005,49384,9793,9650,319582,171973,117985,53988,13874,40114,147609,360729,357609,341437,16172,319582,200289,119293,338736,282349,6440,1801,10163,35167,319582,293465,16108,2023,13
"Congressional District 14 (118th Congress), Illinois: Summary level: 500, state:17> congressional district:14",755370,755370,647648,2234,5236,48475,51777,755370,655118,100252,107722,31702,23700,12440,715118.0,539679.0,114703.0,1182.0,0.0,1674.0,455192,71993,5996,44783,36,60396,116974,180909,380471,20611,24474,27670,18911,11323,5071,6720,16916,21020,23926,26178,29214,25597,26114,24070,7578,13170,7188,11242,14098,10363,5222,3795,374899,19641,24752,23334,16032,10385,6494,3925,17701,22046,22862,26492,26669,24878,26348,20486,9001,14037,7476,11261,14891,11578,5118,9492,91558,270841,11604,5501,6279,5190,5676,8726,7617,7885,5639,18863,28161,37980,31005,25689,29936,35090,739364,62947,501410,9845,509,0,173,460,637,172,880,7368,476,2953,3421,5093,6856,9906,115625,19040,41289,64721,43919,106640,47505,7098,6824,270841,188951,141615,47336,16777,30559,81890,410765,410516,392872,17644,270841,207143,63698,384472,321629,6747,340,3582,46702,270841,253613,12071,2023,14
"Congressional District 15 (118th Congress), Illinois: Summary level: 500, state:17> congressional district:15",745893,745893,724733,707,3865,8334,8254,745893,729305,16588,21160,8582,2757,799,,,,,,,677558,18635,1147,7014,138,8085,33316,22696,373771,20243,24199,23722,15525,9352,4307,4065,13097,22017,22625,21484,27970,20937,23099,23877,10377,16447,10512,13157,19455,12999,8194,6111,372122,18408,20453,24024,15078,7275,3776,5466,11330,19740,21452,23157,22371,21412,21787,23112,10529,17491,10629,13907,21496,14586,12162,12481,70766,307990,15671,11021,8724,11196,9025,13357,13036,12732,12298,23115,32008,40999,38122,22219,23819,20648,720420,79106,525573,3844,213,0,42,0,149,232,9,1228,770,5323,2670,5797,7249,6730,156266,27505,43989,67803,59204,91017,35268,6253,4012,307990,197922,155398,42524,14195,28329,110068,364322,364013,351458,12555,307990,236456,71534,346714,300761,841,1253,9978,30909,307990,277053,23616,2023,15
"Congressional District 16 (118th Congress), Illinois: Summary level: 500, state:17> congressional district:16",755171,755171,714821,726,4766,18176,16682,755171,720313,34858,40350,11627,9189,2066,,,,,,,646243,17300,2508,19494,67,18443,51116,58626,376639,19381,24142,27086,16588,8477,5509,3116,13499,20630,22494,22254,25122,22835,24883,24962,10330,14771,10606,12527,20413,13387,8419,5208,378532,20553,23638,22776,17174,6693,4686,4587,11491,19741,21311,23374,24514,21936,23659,24537,10341,17261,10438,15576,19627,13578,9674,11367,80425,304873,11930,7801,8162,7481,8844,12044,10728,10361,9662,21922,33086,41408,35982,24680,30134,30648,744400,57174,525775,4622,73,96,0,0,140,74,467,566,741,2489,2321,4614,7249,7752,133595,21609,44164,70724,56723,106583,45350,9970,5853,304873,204105,161104,43001,14175,28826,100768,388020,387807,373526,14281,304873,242471,62402,369068,319276,1254,1142,4521,39818,304873,279030,16711,2023,16
"Congressional District 17 (118th Congress), Illinois: Summary level: 500, state:17> congressional district:17",728697,728697,679078,625,3280,20156,25558,728697,682983,45714,49619,19450,10428,4210,,,,,,,511416,92484,6378,14498,564,27078,76279,85307,356055,19621,22721,20983,12895,12367,5898,5149,17649,22232,24108,22101,22103,19290,21418,20891,9160,13481,7689,13267,17105,12275,7511,6141,372642,21200,20681,23037,13403,13188,6338,8380,14855,21621,23075,21449,20770,19292,20904,22271,8587,15535,9392,14638,18193,14420,10423,10990,57307,317835,26560,17409,11376,16494,12026,14198,11781,16003,15592,21826,33497,44051,27029,18421,17847,13725,692693,124050,490332,8540,71,166,0,281,162,359,89,1628,651,2870,5860,6310,10291,9594,131339,29349,46232,67317,48837,75990,33210,5835,5351,317835,176399,119178,57221,15949,41272,141436,363075,362600,344367,18233,317835,210975,106860,338152,289848,3980,1484,9832,29831,317835,282419,22312,2023,17
